abolish	B2	動詞	/əˈbɑlɪʃ/
abortion	B2	名詞	/əˈbɔrʃən/
absence	B2	名詞	/ˈæbsəns/
absent	B2	形容詞	/ˈæbsənt/
absurd	B2	形容詞	/əbˈsɝd/
abundance	B2	名詞	/əˈbʌndəns/
abuse	B2	名詞・動詞	/əbˈjus/
academy	B2	名詞	/əˈkædəmi/
accelerate	B2	動詞	/ækˈsɛlɚeɪt/
acceptance	B2	名詞	/ækˈsɛptəns/
accessible	B2	形容詞	/ækˈsɛsəbəl/
accomplishment	B2	名詞	/əˈkɑmplɪʃmənt/
accordance	B2	名詞	/əˈkɔrdəns/
accordingly	B2	副詞	/əˈkɔrdɪŋli/
accountability	B2	名詞	/əˈkaʊntəbɪlɪti/
accountable	B2	形容詞	/əˈkaʊntəbəl/
accumulate	B2	動詞	/əkˈjumjəleɪt/
accumulation	B2	名詞	/əkjumjəˈleɪʃən/
accusation	B2	名詞	/ækjəˈzeɪʃən/
accused	B2	名詞	/əkˈjuzd/
acquisition	B2	名詞	/ækwəˈzɪʃən/
acre	B2	名詞	/ˈeɪkɚ/
activation	B2	名詞	/æktəˈveɪʃən/
activist	B2	名詞	/ˈæktəvəst/
acute	B2	形容詞	/əkˈjut/
adaptation	B2	名詞	/ædəpˈteɪʃən/
adhere	B2	動詞	/ədˈhɪr/
adjacent	B2	形容詞	/əˈdʒeɪsənt/
adjustment	B2	名詞	/əˈdʒʌstmənt/
administer	B2	動詞	/ədˈmɪnəstɚ/
administrative	B2	形容詞	/ədˈmɪnəstreɪtɪv/
administrator	B2	名詞	/ədˈmɪnəstreɪtɚ/
admission	B2	名詞	/ædˈmɪʃən/
adolescent	B2	名詞	/ædəˈlɛsənt/
adoption	B2	名詞	/əˈdɑpʃən/
adverse	B2	形容詞	/ædˈvɝs/
advocate	B2	名詞・動詞	/ˈædvəkət/
aesthetic	B2	形容詞	/ɛsˈθɛtɪk/
affection	B2	名詞	/əˈfɛkʃən/
aftermath	B2	名詞	/ˈæftɚmæθ/
aggression	B2	名詞	/əˈgrɛʃən/
agricultural	B2	形容詞	/ægrəˈkʌltʃɚəl/
aide	B2	名詞	/eɪd/
albeit	B2	接続詞	/ɔlˈbiɪt/
alert	B2	形容詞・名詞・動詞	/əˈlɝt/
align	B2	動詞	/əˈlaɪn/
alignment	B2	名詞	/əˈlaɪnmənt/
alike	B2	形容詞・副詞	/əˈlaɪk/
allegation	B2	名詞	/æləˈgeɪʃən/
allege	B2	動詞	/əˈlɛdʒ/
allegedly	B2	副詞	/əˈlɛdʒədli/
alliance	B2	名詞	/əˈlaɪəns/
allocate	B2	動詞	/ˈæləkeɪt/
allocation	B2	名詞	/æləˈkeɪʃən/
allowance	B2	名詞	/əˈlaʊəns/
ally	B2	名詞	/ˈælaɪ/
aluminium	B2	名詞	/əˈlumɪnəm/
amateur	B2	形容詞・名詞	/ˈæmətɝ/
ambassador	B2	名詞	/æmˈbæsədɚ/
amend	B2	動詞	/əˈmɛnd/
amendment	B2	名詞	/əˈmɛndmənt/
amid	B2	前置詞	/əˈmɪd/
analogy	B2	名詞	/əˈnælədʒi/
anchor	B2	名詞	/ˈæŋkɚ/
angel	B2	名詞	/ˈeɪndʒəl/
anonymous	B2	形容詞	/əˈnɑnəməs/
apparatus	B2	名詞	/æpɚˈætəs/
appealing	B2	形容詞	/əˈpilɪŋ/
appetite	B2	名詞	/ˈæpətaɪt/
applaud	B2	動詞	/əˈplɔd/
applicable	B2	形容詞	/ˈæpləkəbəl/
appoint	B2	動詞	/əˈpɔɪnt/
appreciation	B2	名詞	/əpriʃiˈeɪʃən/
arbitrary	B2	形容詞	/ˈɑrbətrɛri/
architectural	B2	形容詞	/ɑrkəˈtɛktʃɚəl/
archive	B2	名詞	/ˈɑrkaɪv/
arena	B2	名詞	/ɚˈinə/
arguably	B2	副詞	/ˈɑrgjuəbli/
arm	B2	動詞	/ɑrm/
array	B2	名詞	/ɚˈeɪ/
articulate	B2	動詞	/ɑrˈtɪkjəleɪt/
ash	B2	名詞	/æʃ/
aspiration	B2	名詞	/æspɚˈeɪʃən/
aspire	B2	動詞	/əˈspaɪr/
assassination	B2	名詞	/əsæsəˈneɪʃən/
assault	B2	名詞・動詞	/əˈsɔlt/
assemble	B2	動詞	/əˈsɛmbəl/
assembly	B2	名詞	/əˈsɛmbli/
assert	B2	動詞	/əˈsɝt/
assertion	B2	名詞	/əˈsɝʃən/
assurance	B2	名詞	/əˈʃʊrəns/
asylum	B2	名詞	/əˈsaɪləm/
atrocity	B2	名詞	/əˈtrɑsəti/
attain	B2	動詞	/əˈteɪn/
attendance	B2	名詞	/əˈtɛndəns/
attorney	B2	名詞	/əˈtɝni/
attribute	B2	名詞・動詞	/ˈætrəbjut/
audit	B2	名詞	/ˈɔdɪt/
authentic	B2	形容詞	/əˈθɛntɪk/
authorize	B2	動詞	/ˈɔθɚaɪz/
auto	B2	名詞	/ˈɔtoʊ/
autonomy	B2	名詞	/ɔˈtɑnəmi/
availability	B2	名詞	/əveɪləˈbɪləti/
await	B2	動詞	/əˈweɪt/
backdrop	B2	名詞	/ˈbækdrɑp/
backing	B2	名詞	/ˈbækɪŋ/
backup	B2	名詞	/ˈbækʌp/
bail	B2	名詞	/beɪl/
ballot	B2	名詞	/ˈbælət/
banner	B2	名詞	/ˈbænɚ/
bare	B2	形容詞	/bɛr/
barrel	B2	名詞	/ˈbærəl/
bass	B2	名詞	/bæs/
battlefield	B2	名詞	/ˈbætəlfild/
bay	B2	名詞	/beɪ/
beam	B2	名詞	/bim/
beast	B2	名詞	/bist/
behalf	B2	名詞	/bɪˈhæf/
beloved	B2	形容詞	/bɪˈlʌvd/
bench	B2	名詞	/bɛntʃ/
benchmark	B2	名詞	/ˈbɛntʃmɑrk/
beneath	B2	前置詞	/bɪˈniθ/
beneficiary	B2	名詞	/bɛnəˈfɪʃiɛri/
betray	B2	動詞	/bɪˈtreɪ/
bind	B2	動詞	/baɪnd/
biography	B2	名詞	/baɪˈɑgrəfi/
bishop	B2	名詞	/ˈbɪʃəp/
bizarre	B2	形容詞	/bəˈzɑr/
blade	B2	名詞	/bleɪd/
blast	B2	名詞・動詞	/blæst/
bleed	B2	動詞	/blid/
blend	B2	名詞・動詞	/blɛnd/
bless	B2	動詞	/blɛs/
blessing	B2	名詞	/ˈblɛsɪŋ/
boast	B2	動詞	/boʊst/
bonus	B2	名詞	/ˈboʊnəs/
boom	B2	名詞	/bum/
bounce	B2	動詞	/baʊns/
boundary	B2	名詞	/ˈbaʊndɚi/
bow	B2	名詞・動詞	/baʊ/
breach	B2	名詞・動詞	/britʃ/
breakdown	B2	名詞	/ˈbreɪkdaʊn/
breakthrough	B2	名詞	/ˈbreɪkθru/
breed	B2	名詞・動詞	/brid/
broadband	B2	名詞	/ˈbrɔdbænd/
browser	B2	名詞	/ˈbraʊzɚ/
brutal	B2	形容詞	/ˈbrutəl/
buck	B2	名詞	/bʌk/
buddy	B2	名詞	/ˈbʌdi/
buffer	B2	名詞	/ˈbʌfɚ/
bulk	B2	名詞	/bʌlk/
burden	B2	名詞	/ˈbɝdən/
bureaucracy	B2	名詞	/bjʊˈrɑkrəsi/
burial	B2	名詞	/ˈbɛriəl/
cabinet	B2	名詞	/ˈkæbənət/
calculation	B2	名詞	/kælkjəˈleɪʃən/
canvas	B2	名詞	/ˈkænvəs/
capability	B2	名詞	/keɪpəˈbɪləti/
capitalism	B2	名詞	/ˈkæpɪtəlɪzəm/
capitalist	B2	形容詞	/ˈkæpətəlɪst/
cargo	B2	名詞	/ˈkɑrgoʊ/
carriage	B2	名詞	/ˈkærɪdʒ/
carve	B2	動詞	/kɑrv/
casino	B2	名詞	/kəˈsinoʊ/
casualty	B2	名詞	/ˈkæʒəwəlti/
catalogue	B2	名詞	/ˈkætəlɔg/
cater	B2	動詞	/ˈkeɪtɚ/
cattle	B2	名詞	/ˈkætəl/
caution	B2	名詞	/ˈkɑʃən/
cautious	B2	形容詞	/ˈkɔʃəs/
cease	B2	動詞	/sis/
cemetery	B2	名詞	/ˈsɛmətɛri/
chamber	B2	名詞	/ˈtʃeɪmbɚ/
chaos	B2	名詞	/ˈkeɪɑs/
characterize	B2	動詞	/ˈkɛrəktɚaɪz/
charm	B2	名詞	/tʃɑrm/
charter	B2	名詞	/ˈtʃɑrtɚ/
chronic	B2	形容詞	/ˈkrɑnɪk/
chunk	B2	名詞	/tʃʌŋk/
circulate	B2	動詞	/ˈsɝkjəleɪt/
circulation	B2	名詞	/ˈsɝkjəleɪʃən/
citizenship	B2	名詞	/ˈsɪtɪzənʃɪp/
civic	B2	形容詞	/ˈsɪvɪk/
civilian	B2	形容詞・名詞	/səˈvɪljən/
clarity	B2	名詞	/ˈklɛrəti/
clash	B2	名詞	/klæʃ/
classification	B2	名詞	/klæsəfəˈkeɪʃən/
cling	B2	動詞	/klɪŋ/
clinical	B2	形容詞	/ˈklɪnəkəl/
closure	B2	名詞	/ˈkloʊʒɚ/
cluster	B2	名詞	/ˈklʌstɚ/
coalition	B2	名詞	/koʊəˈlɪʃən/
coastal	B2	形容詞	/ˈkoʊstəl/
cocktail	B2	名詞	/ˈkɑkteɪl/
cognitive	B2	形容詞	/ˈkɑgnɪtɪv/
coincide	B2	動詞	/koʊɪnˈsaɪd/
collaborate	B2	動詞	/kəˈlæbɚeɪt/
collaboration	B2	名詞	/kəlæbɚˈeɪʃən/
collective	B2	形容詞	/kəˈlɛktɪv/
collision	B2	名詞	/kəˈlɪʒən/
colonial	B2	形容詞	/kəˈloʊniəl/
columnist	B2	名詞	/ˈkɑləmnəst/
combat	B2	名詞・動詞	/ˈkɑmbæt/
commence	B2	動詞	/kəˈmɛns/
commentary	B2	名詞	/ˈkɑməntɛri/
commentator	B2	名詞	/ˈkɑmənteɪtɚ/
commerce	B2	名詞	/ˈkɑmɚs/
commissioner	B2	名詞	/kəˈmɪʃənɚ/
commodity	B2	名詞	/kəˈmɑdəti/
communist	B2	形容詞	/ˈkɑmjənəst/
companion	B2	名詞	/kəmˈpænjən/
comparable	B2	形容詞	/ˈkɑmpɚəbəl/
compassion	B2	名詞	/kəmˈpæʃən/
compel	B2	動詞	/kəmˈpɛl/
compelling	B2	形容詞	/kəmˈpɛlɪŋ/
compensate	B2	動詞	/ˈkɑmpənseɪt/
compensation	B2	名詞	/kɑmpənˈseɪʃən/
competence	B2	名詞	/ˈkɑmpətɪns/
competent	B2	形容詞	/ˈkɑmpətɪnt/
compile	B2	動詞	/kəmˈpaɪl/
complement	B2	動詞	/ˈkɑmpləmənt/
complexity	B2	名詞	/kəmpˈlɛksəti/
compliance	B2	名詞	/kəmpˈlaɪəns/
complication	B2	名詞	/kɑmpləˈkeɪʃən/
comply	B2	動詞	/kəmpˈlaɪ/
composition	B2	名詞	/kɑmpəˈzɪʃən/
compromise	B2	名詞・動詞	/ˈkɑmprəmaɪz/
compute	B2	動詞	/kəmpˈjut/
conceal	B2	動詞	/kənˈsil/
concede	B2	動詞	/kənˈsid/
conceive	B2	動詞	/kənˈsiv/
conception	B2	名詞	/kənˈsɛpʃən/
concession	B2	名詞	/kənˈsɛʃən/
condemn	B2	動詞	/kənˈdɛm/
confer	B2	動詞	/kənˈfɝ/
confession	B2	名詞	/kənˈfɛʃən/
configuration	B2	名詞	/kənfɪgjɚˈeɪʃən/
confine	B2	動詞	/kənˈfaɪn/
confirmation	B2	名詞	/kɑnfɚˈmeɪʃən/
confront	B2	動詞	/kənfˈrʌnt/
confrontation	B2	名詞	/kɑnfrənˈteɪʃən/
congratulate	B2	動詞	/kəngˈrætʃəleɪt/
congregation	B2	名詞	/kɑŋgrəˈgeɪʃən/
congressional	B2	形容詞	/kəngˈrɛʃənəl/
conquer	B2	動詞	/ˈkɑŋkɚ/
conscience	B2	名詞	/ˈkɑnʃəns/
consciousness	B2	名詞	/ˈkɑnʃəsnəs/
consecutive	B2	形容詞	/kənˈsɛkjətɪv/
consensus	B2	名詞	/kənˈsɛnsəs/
consent	B2	名詞・動詞	/kənˈsɛnt/
conserve	B2	動詞	/kənˈsɝv/
consistency	B2	名詞	/kənˈsɪstənsi/
consolidate	B2	動詞	/kənˈsɑlɪdeɪt/
constituency	B2	名詞	/kənsˈtɪtʃuənsi/
constitute	B2	動詞	/ˈkɑnstətut/
constitution	B2	名詞	/kɑnstəˈtuʃən/
constitutional	B2	形容詞	/kɑnstəˈtuʃənəl/
constraint	B2	名詞	/kənstˈreɪnt/
consultation	B2	名詞	/kɑnsəlˈteɪʃən/
contemplate	B2	動詞	/ˈkɑntəmpleɪt/
contempt	B2	名詞	/kənˈtɛmpt/
contend	B2	動詞	/kənˈtɛnd/
contender	B2	名詞	/kənˈtɛndɚ/
contention	B2	名詞	/kənˈtɛnʃən/
continually	B2	副詞	/kənˈtɪnjuəli/
contractor	B2	名詞	/ˈkɑntræktɚ/
contradiction	B2	名詞	/kɑntrəˈdɪkʃən/
contrary	B2	形容詞・名詞	/ˈkɑntrɛri/
contributor	B2	名詞	/kəntˈrɪbjətɚ/
convict	B2	動詞	/ˈkɑnvɪkt/
conviction	B2	名詞	/kənˈvɪkʃən/
cooperate	B2	動詞	/koʊˈɑpɚeɪt/
cooperative	B2	形容詞	/koʊˈɑpɚeɪtɪv/
coordinate	B2	動詞	/koʊˈɔrdənət/
coordination	B2	名詞	/koʊɔrdəˈneɪʃən/
coordinator	B2	名詞	/koʊˈɔrdəneɪtɚ/
cop	B2	名詞	/kɑp/
copper	B2	名詞	/ˈkɑpɚ/
copyright	B2	名詞	/ˈkɑpiraɪt/
correction	B2	名詞	/kɚˈɛkʃən/
correlate	B2	動詞	/ˈkɔrəleɪt/
correlation	B2	名詞	/kɔrəˈleɪʃən/
correspond	B2	動詞	/kɔrəˈspɑnd/
correspondence	B2	名詞	/kɔrəˈspɑndəns/
correspondent	B2	名詞	/kɔrəˈspɑndənt/
corresponding	B2	形容詞	/kɔrəˈspɑndɪŋ/
corrupt	B2	形容詞	/kɚˈʌpt/
corruption	B2	名詞	/kɚˈʌpʃən/
costly	B2	形容詞	/ˈkɑstli/
councillor	B2	名詞	/ˈkaʊnsəlɚ/
counselling	B2	名詞	/ˈkaʊnsəlɪŋ/
counsellor	B2	名詞	/ˈkaʊnsəlɚ/
counterpart	B2	名詞	/ˈkaʊntɚpɑrt/
countless	B2	形容詞	/ˈkaʊntləs/
coup	B2	名詞	/ku/
courtesy	B2	名詞	/ˈkɝtəsi/
crawl	B2	動詞	/krɔl/
creator	B2	名詞	/kriˈeɪtɚ/
credibility	B2	名詞	/krɛdəˈbɪlɪti/
credible	B2	形容詞	/ˈkrɛdəbəl/
creep	B2	動詞	/krip/
critique	B2	名詞	/krəˈtik/
crown	B2	名詞	/kraʊn/
crude	B2	形容詞	/krud/
crush	B2	動詞	/krʌʃ/
crystal	B2	名詞	/ˈkrɪstəl/
cult	B2	形容詞・名詞	/kʌlt/
cultivate	B2	動詞	/ˈkʌltəveɪt/
curiosity	B2	名詞	/kjʊriˈɑsəti/
custody	B2	名詞	/ˈkʌstədi/
cutting	B2	名詞	/ˈkʌtɪŋ/
cynical	B2	形容詞	/ˈsɪnɪkəl/
dam	B2	名詞	/dæm/
damaging	B2	形容詞	/ˈdæmɪdʒɪŋ/
dawn	B2	名詞	/dɔn/
debris	B2	名詞	/dəˈbri/
debut	B2	名詞	/deɪbˈju/
decision-making	B2	名詞	/dɪˈsɪʒənmeɪkɪŋ/
decisive	B2	形容詞	/dɪˈsaɪsɪv/
declaration	B2	名詞	/dɛklɚˈeɪʃən/
dedicated	B2	形容詞	/ˈdɛdəkeɪtəd/
dedication	B2	名詞	/dɛdəˈkeɪʃən/
deed	B2	名詞	/did/
deem	B2	動詞	/dim/
default	B2	名詞	/dɪˈfɔlt/
defect	B2	名詞	/ˈdifɛkt/
defensive	B2	形容詞	/dɪˈfɛnsɪv/
deficiency	B2	名詞	/dɪˈfɪʃənsi/
deficit	B2	名詞	/ˈdɛfəsət/
defy	B2	動詞	/dɪˈfaɪ/
delegate	B2	名詞	/ˈdɛləgeɪt/
delegation	B2	名詞	/dɛləˈgeɪʃən/
demon	B2	名詞	/ˈdimən/
denial	B2	名詞	/dɪˈnaɪəl/
denounce	B2	動詞	/dɪˈnaʊns/
dense	B2	形容詞	/dɛns/
density	B2	名詞	/ˈdɛnsəti/
dependence	B2	名詞	/dɪˈpɛndəns/
depict	B2	動詞	/dɪˈpɪkt/
deploy	B2	動詞	/dɪˈplɔɪ/
deployment	B2	名詞	/dɪˈplɔɪmənt/
deprive	B2	動詞	/dɪˈpraɪv/
deputy	B2	名詞	/ˈdɛpjəti/
descend	B2	動詞	/dɪˈsɛnd/
descent	B2	名詞	/dɪˈsɛnt/
designate	B2	動詞	/ˈdɛzəgneɪt/
desirable	B2	形容詞	/dɪˈzaɪrəbəl/
desktop	B2	名詞	/ˈdɛsktɑp/
destructive	B2	形容詞	/dɪˈstrʌktɪv/
detain	B2	動詞	/dɪˈteɪn/
detection	B2	名詞	/dɪˈtɛkʃən/
detention	B2	名詞	/dɪˈtɛnʃən/
deteriorate	B2	動詞	/dɪˈtɪriɚeɪt/
devastate	B2	動詞	/ˈdɛvəsteɪt/
devil	B2	名詞	/ˈdɛvəl/
devise	B2	動詞	/dɪˈvaɪz/
diagnose	B2	動詞	/daɪəgˈnoʊs/
diagnosis	B2	名詞	/daɪəgˈnoʊsəs/
dictate	B2	動詞	/dɪkˈteɪt/
dictator	B2	名詞	/dɪkˈteɪtɚ/
differentiate	B2	動詞	/dɪfɚˈɛnʃieɪt/
dignity	B2	名詞	/ˈdɪgnəti/
dilemma	B2	名詞	/dɪˈlɛmə/
diminish	B2	動詞	/dɪˈmɪnɪʃ/
dip	B2	動詞	/dɪp/
diplomat	B2	名詞	/ˈdɪpləmæt/
diplomatic	B2	形容詞	/dɪpləˈmætɪk/
directory	B2	名詞	/dɚˈɛktɚi/
disastrous	B2	形容詞	/dɪˈzæstrəs/
discard	B2	動詞	/dɪˈskɑrd/
discharge	B2	動詞	/dɪsˈtʃɑrdʒ/
disclose	B2	動詞	/dɪskˈloʊz/
disclosure	B2	名詞	/dɪskˈloʊʒɚ/
discourse	B2	名詞	/ˈdɪskɔrs/
discretion	B2	名詞	/dɪˈskrɛʃən/
discrimination	B2	名詞	/dɪskrɪməˈneɪʃən/
dismissal	B2	名詞	/dɪˈsmɪsəl/
displace	B2	動詞	/dɪˈspleɪs/
disposal	B2	名詞	/dɪˈspoʊzəl/
dispose	B2	動詞	/dɪˈspoʊz/
dispute	B2	名詞・動詞	/dɪspˈjut/
disrupt	B2	動詞	/dɪsˈrʌpt/
disruption	B2	名詞	/dɪsˈrʌpʃən/
dissolve	B2	動詞	/dɪˈzɑlv/
distinction	B2	名詞	/dɪˈstɪŋkʃən/
distinctive	B2	形容詞	/dɪˈstɪŋktɪv/
distort	B2	動詞	/dɪˈstɔrt/
distress	B2	名詞・動詞	/dɪˈstrɛs/
disturbing	B2	形容詞	/dɪˈstɝbɪŋ/
divert	B2	動詞	/daɪˈvɝt/
divine	B2	形容詞	/dɪˈvaɪn/
doctrine	B2	名詞	/ˈdɑktrən/
documentation	B2	名詞	/dɑkjəmɛnˈteɪʃən/
domain	B2	名詞	/doʊˈmeɪn/
dominance	B2	名詞	/ˈdɑmənəns/
donor	B2	名詞	/ˈdoʊnɚ/
dose	B2	名詞	/doʊs/
drain	B2	動詞	/dreɪn/
drift	B2	動詞	/drɪft/
drown	B2	動詞	/draʊn/
dual	B2	形容詞	/ˈduəl/
dub	B2	動詞	/dʌb/
dumb	B2	形容詞	/dʌm/
duo	B2	名詞	/ˈduoʊ/
earnings	B2	名詞	/ˈɝnɪŋz/
ease	B2	名詞・動詞	/iz/
echo	B2	名詞・動詞	/ˈɛkoʊ/
ecological	B2	形容詞	/ikəˈlɑdʒɪkəl/
educator	B2	名詞	/ˈɛdʒəkeɪtɚ/
effectiveness	B2	名詞	/ɪˈfɛktɪvnəs/
efficiency	B2	名詞	/ɪˈfɪʃənsi/
ego	B2	名詞	/ˈigoʊ/
elaborate	B2	形容詞	/ɪˈlæbrət/
electoral	B2	形容詞	/ɪˈlɛktɚəl/
elevate	B2	動詞	/ˈɛləveɪt/
eligible	B2	形容詞	/ˈɛlədʒəbəl/
elite	B2	名詞	/ɪˈlit/
embark	B2	動詞	/ɛmˈbɑrk/
embarrassment	B2	名詞	/ɪmˈbɛrəsmənt/
embassy	B2	名詞	/ˈɛmbəsi/
embed	B2	動詞	/ɪmˈbɛd/
embody	B2	動詞	/ɪmˈbɑdi/
emergence	B2	名詞	/ɪˈmɝdʒəns/
empirical	B2	形容詞	/ɛmˈpɪrɪkəl/
empower	B2	動詞	/ɪmˈpaʊɚ/
enact	B2	動詞	/ɪˈnækt/
encompass	B2	動詞	/ɛnˈkʌmpəs/
encouragement	B2	名詞	/ɛnˈkɝɪdʒmənt/
encouraging	B2	形容詞	/ɛnˈkɝɪdʒɪŋ/
endeavour	B2	名詞	/ɪnˈdɛvɚ/
endless	B2	形容詞	/ˈɛndləs/
endorse	B2	動詞	/ɛnˈdɔrs/
endorsement	B2	名詞	/ɛnˈdɔrsmənt/
endure	B2	動詞	/ɛndˈjʊr/
enforce	B2	動詞	/ɛnˈfɔrs/
enforcement	B2	名詞	/ɛnˈfɔrsmənt/
engagement	B2	名詞	/ɛnˈgeɪdʒmənt/
engaging	B2	形容詞	/ɛnˈgeɪdʒɪŋ/
enquire	B2	動詞	/ɪnkˈwaɪɚ/
enrich	B2	動詞	/ɛnˈrɪtʃ/
enrol	B2	動詞	/ɛnˈroʊl/
ensue	B2	動詞	/ɪnˈsu/
enterprise	B2	名詞	/ˈɛntɚpraɪz/
enthusiast	B2	名詞	/ɛnˈθuziæst/
entitle	B2	動詞	/ɛnˈtaɪtəl/
entity	B2	名詞	/ˈɛntəti/
epidemic	B2	名詞	/ɛpəˈdɛmɪk/
equality	B2	名詞	/ɪkˈwɑləti/
equation	B2	名詞	/ɪkˈweɪʒən/
erect	B2	動詞	/ɪˈrɛkt/
escalate	B2	動詞	/ˈɛskəleɪt/
essence	B2	名詞	/ˈɛsəns/
establishment	B2	名詞	/ɪˈstæblɪʃmənt/
eternal	B2	形容詞	/ɪˈtɝnəl/
evacuate	B2	動詞	/ɪˈvækjəeɪt/
evoke	B2	動詞	/ɪˈvoʊk/
evolutionary	B2	形容詞	/ɛvəˈluʃənɛri/
exaggerate	B2	動詞	/ɪgˈzædʒɚeɪt/
excellence	B2	名詞	/ˈɛksələns/
exceptional	B2	形容詞	/ɪkˈsɛpʃənəl/
excess	B2	形容詞・名詞	/ˈɛksɛs/
exclusion	B2	名詞	/ɪkskˈluʒən/
exclusive	B2	形容詞	/ɪkskˈlusɪv/
exclusively	B2	副詞	/ɪkskˈlusɪvli/
execute	B2	動詞	/ˈɛksəkjut/
execution	B2	名詞	/ɛksəkˈjuʃən/
exert	B2	動詞	/ɪgˈzɝt/
exile	B2	名詞	/ˈɛgzaɪl/
expenditure	B2	名詞	/ɪksˈpɛndətʃɚ/
experimental	B2	形容詞	/ɪkspɛrɪˈmɛntəl/
expire	B2	動詞	/ɪksˈpaɪr/
explicit	B2	形容詞	/ɪkspˈlɪsət/
explicitly	B2	副詞	/ɪkspˈlɪsətli/
exploitation	B2	名詞	/ɛksplɔɪˈteɪʃən/
explosive	B2	形容詞・名詞	/ɪkspˈloʊsɪv/
extremist	B2	名詞	/ɛkstˈrimɪst/
facilitate	B2	動詞	/fəˈsɪləteɪt/
faction	B2	名詞	/ˈfækʃən/
faculty	B2	名詞	/ˈfækəlti/
fade	B2	動詞	/feɪd/
fairness	B2	名詞	/ˈfɛrnəs/
fatal	B2	形容詞	/ˈfeɪtəl/
fate	B2	名詞	/feɪt/
favourable	B2	形容詞	/ˈfeɪvɚəbəl/
feat	B2	名詞	/fit/
feminist	B2	形容詞・名詞	/ˈfɛmənɪst/
fibre	B2	名詞	/ˈfaɪbɚ/
fierce	B2	形容詞	/fɪrs/
film-maker	B2	名詞	/ˈfɪlmeɪkɚ/
filter	B2	名詞・動詞	/ˈfɪltɚ/
fine	B2	名詞・動詞	/faɪn/
firearm	B2	名詞	/ˈfaɪɚɑrm/
fixture	B2	名詞	/ˈfɪkstʃɚ/
flaw	B2	名詞	/flɔ/
flawed	B2	形容詞	/flɔd/
flee	B2	動詞	/fli/
fleet	B2	名詞	/flit/
flesh	B2	名詞	/flɛʃ/
flexibility	B2	名詞	/flɛksəˈbɪləti/
flourish	B2	動詞	/ˈflɝɪʃ/
fluid	B2	名詞	/ˈfluəd/
footage	B2	名詞	/ˈfʊtɪdʒ/
foreigner	B2	名詞	/ˈfɔrənɚ/
forge	B2	動詞	/fɔrdʒ/
formula	B2	名詞	/ˈfɔrmjələ/
formulate	B2	動詞	/ˈfɔrmjəleɪt/
forth	B2	副詞	/fɔrθ/
forthcoming	B2	形容詞	/ˈfɔrθˈkʌmɪŋ/
foster	B2	動詞	/ˈfɑstɚ/
fragile	B2	形容詞	/ˈfrædʒəl/
franchise	B2	名詞	/ˈfræntʃaɪz/
frankly	B2	副詞	/ˈfræŋkli/
frustrated	B2	形容詞	/ˈfrʌstreɪtəd/
frustrating	B2	形容詞	/ˈfrʌstreɪtɪŋ/
frustration	B2	名詞	/frəˈstreɪʃən/
functional	B2	形容詞	/ˈfʌŋkʃənəl/
fundraising	B2	名詞	/ˈfʌndreɪsɪŋ/
gallon	B2	名詞	/ˈgælən/
gambling	B2	名詞	/ˈgæmbəlɪŋ/
gathering	B2	名詞	/ˈgæðɚɪŋ/
gaze	B2	名詞・動詞	/geɪz/
gear	B2	名詞	/gɪr/
generic	B2	形容詞	/dʒəˈnɛrɪk/
genocide	B2	名詞	/ˈdʒɛnəsaɪd/
glance	B2	名詞・動詞	/glæns/
glimpse	B2	名詞	/glɪmps/
glorious	B2	形容詞	/ˈglɔriəs/
glory	B2	名詞	/ˈglɔri/
governance	B2	名詞	/ˈgʌvɚnəns/
grace	B2	名詞	/greɪs/
grasp	B2	名詞・動詞	/græsp/
grave	B2	形容詞・名詞	/greɪv/
gravity	B2	名詞	/ˈgrævəti/
grid	B2	名詞	/grɪd/
grief	B2	名詞	/grif/
grin	B2	名詞・動詞	/grɪn/
grind	B2	動詞	/graɪnd/
grip	B2	名詞・動詞	/grɪp/
gross	B2	形容詞	/groʊs/
guerrilla	B2	名詞	/gɚˈɪlə/
guidance	B2	名詞	/ˈgaɪdəns/
guilt	B2	名詞	/gɪlt/
gut	B2	名詞	/gʌt/
hail	B2	動詞	/heɪl/
halfway	B2	副詞	/ˈhæfˈweɪ/
halt	B2	名詞・動詞	/hɔlt/
handful	B2	名詞	/ˈhændfʊl/
handling	B2	名詞	/ˈhændlɪŋ/
handy	B2	形容詞	/ˈhændi/
harassment	B2	名詞	/hɚˈæsmənt/
hardware	B2	名詞	/ˈhɑrdwɛr/
harmony	B2	名詞	/ˈhɑrməni/
harsh	B2	形容詞	/hɑrʃ/
hatred	B2	名詞	/ˈheɪtrəd/
haunt	B2	動詞	/hɔnt/
hazard	B2	名詞	/ˈhæzɚd/
heighten	B2	動詞	/ˈhaɪtən/
heritage	B2	名詞	/ˈhɛrətədʒ/
hierarchy	B2	名詞	/ˈhaɪɚɑrki/
high-profile	B2	形容詞	/haɪˈproʊfaɪl/
hint	B2	名詞・動詞	/hɪnt/
homeland	B2	名詞	/ˈhoʊmlænd/
hopeful	B2	形容詞	/ˈhoʊpfəl/
horizon	B2	名詞	/hɚˈaɪzən/
horn	B2	名詞	/hɔrn/
hostage	B2	名詞	/ˈhɑstɪdʒ/
hostile	B2	形容詞	/ˈhɑstəl/
hostility	B2	名詞	/hɑˈstɪləti/
humanitarian	B2	形容詞	/hjumænəˈtɛriən/
humanity	B2	名詞	/hjuˈmænɪti/
humble	B2	形容詞	/ˈhʌmbəl/
hydrogen	B2	名詞	/ˈhaɪdrədʒən/
identification	B2	名詞	/aɪdɛntəfəˈkeɪʃən/
ideological	B2	形容詞	/aɪdiəˈlɑdʒɪkəl/
ideology	B2	名詞	/aɪdiˈɑlədʒi/
idiot	B2	名詞	/ˈɪdiət/
ignorance	B2	名詞	/ˈɪgnɚəns/
imagery	B2	名詞	/ˈɪmədʒri/
immense	B2	形容詞	/ɪˈmɛns/
imminent	B2	形容詞	/ˈɪmənənt/
implementation	B2	名詞	/ɪmpləmɛnˈteɪʃən/
imprison	B2	動詞	/ɪmpˈrɪzən/
imprisonment	B2	名詞	/ɪmpˈrɪzənmənt/
inability	B2	名詞	/ɪnəˈbɪlɪti/
inadequate	B2	形容詞	/ɪˈnædəkwət/
inappropriate	B2	形容詞	/ɪnəˈproʊpriɪt/
incidence	B2	名詞	/ˈɪnsədəns/
inclined	B2	形容詞	/ɪnkˈlaɪnd/
inclusion	B2	名詞	/ɪnkˈluʒən/
incur	B2	動詞	/ɪnˈkɝ/
indicator	B2	名詞	/ˈɪndəkeɪtɚ/
indictment	B2	名詞	/ɪnˈdaɪtmənt/
indigenous	B2	形容詞	/ɪnˈdɪdʒənəs/
induce	B2	動詞	/ɪnˈdus/
indulge	B2	動詞	/ɪnˈdʌldʒ/
inequality	B2	名詞	/ɪnɪkˈwɑləti/
infamous	B2	形容詞	/ˈɪnfəməs/
infant	B2	名詞	/ˈɪnfənt/
infect	B2	動詞	/ɪnˈfɛkt/
inflict	B2	動詞	/ɪnfˈlɪkt/
influential	B2	形容詞	/ɪnfluˈɛnʃəl/
inherent	B2	形容詞	/ɪnˈhɪrənt/
inhibit	B2	動詞	/ɪnˈhɪbət/
initiate	B2	動詞	/ɪˈnɪʃieɪt/
inject	B2	動詞	/ɪnˈdʒɛkt/
injection	B2	名詞	/ɪnˈdʒɛkʃən/
injustice	B2	名詞	/ɪnˈdʒʌstɪs/
inmate	B2	名詞	/ˈɪnmeɪt/
insertion	B2	名詞	/ɪnˈsɝʃən/
insider	B2	名詞	/ɪnˈsaɪdɚ/
inspect	B2	動詞	/ɪnsˈpɛkt/
inspection	B2	名詞	/ɪnsˈpɛkʃən/
inspiration	B2	名詞	/ɪnspɚˈeɪʃən/
instinct	B2	名詞	/ˈɪnstɪŋkt/
institutional	B2	形容詞	/ɪnstɪˈtuʃənəl/
instruct	B2	動詞	/ɪnstˈrʌkt/
instrumental	B2	形容詞	/ɪnstrəˈmɛntəl/
insufficient	B2	形容詞	/ɪnsəˈfɪʃənt/
insult	B2	名詞・動詞	/ɪnˈsʌlt/
intact	B2	形容詞	/ɪnˈtækt/
intake	B2	名詞	/ˈɪnteɪk/
integral	B2	形容詞	/ˈɪntəgrəl/
integrated	B2	形容詞	/ˈɪntəgreɪtəd/
integration	B2	名詞	/ɪntəˈgreɪʃən/
integrity	B2	名詞	/ɪnˈtɛgrəti/
intensify	B2	動詞	/ɪnˈtɛnsəfaɪ/
intensity	B2	名詞	/ɪnˈtɛnsəti/
intensive	B2	形容詞	/ɪnˈtɛnsɪv/
intent	B2	名詞	/ɪnˈtɛnt/
interactive	B2	形容詞	/ɪntɚˈæktɪv/
interface	B2	名詞	/ˈɪntɚfeɪs/
interfere	B2	動詞	/ɪntɚˈfɪr/
interference	B2	名詞	/ɪntɚˈfɪrəns/
interim	B2	形容詞	/ˈɪntɚəm/
interior	B2	形容詞・名詞	/ɪnˈtɪriɚ/
intermediate	B2	形容詞	/ɪntɚˈmidiɪt/
intervene	B2	動詞	/ɪntɚˈvin/
intervention	B2	名詞	/ɪntɚˈvɛnʃən/
intimate	B2	形容詞	/ˈɪntəmət/
intriguing	B2	形容詞	/ɪntˈrigɪŋ/
investigator	B2	名詞	/ɪnˈvɛstəgeɪtɚ/
invisible	B2	形容詞	/ɪnˈvɪzəbəl/
invoke	B2	動詞	/ɪnˈvoʊk/
involvement	B2	名詞	/ɪnˈvɑlvmənt/
ironic	B2	形容詞	/aɪˈrɑnɪk/
ironically	B2	副詞	/aɪˈrɑnɪkli/
irony	B2	名詞	/ˈaɪrəni/
irrelevant	B2	形容詞	/ɪˈrɛləvənt/
isolation	B2	名詞	/aɪsəˈleɪʃən/
judicial	B2	形容詞	/dʒuˈdɪʃəl/
junction	B2	名詞	/ˈdʒʌŋkʃən/
jurisdiction	B2	名詞	/dʒʊrəsˈdɪkʃən/
just	B2	形容詞	/dʒʌst/
justification	B2	名詞	/dʒʌstəfəˈkeɪʃən/
kidnap	B2	動詞	/ˈkɪdnæp/
kidney	B2	名詞	/ˈkɪdni/
kingdom	B2	名詞	/ˈkɪŋdəm/
lad	B2	名詞	/læd/
landlord	B2	名詞	/ˈlændlɔrd/
landmark	B2	名詞	/ˈlændmɑrk/
lap	B2	名詞	/læp/
large-scale	B2	形容詞	/ˈlɑrdʒskeɪl/
laser	B2	名詞	/ˈleɪzɚ/
lawn	B2	名詞	/lɔn/
lawsuit	B2	名詞	/ˈlɔsut/
layout	B2	名詞	/ˈleɪaʊt/
leak	B2	名詞・動詞	/lik/
leap	B2	名詞・動詞	/lip/
legacy	B2	名詞	/ˈlɛgəsi/
legendary	B2	形容詞	/ˈlɛdʒəndɛri/
legislation	B2	名詞	/lɛdʒəˈsleɪʃən/
legislative	B2	形容詞	/ˈlɛdʒəsleɪtɪv/
legislature	B2	名詞	/ˈlɛdʒəsleɪtʃɚ/
legitimate	B2	形容詞	/ləˈdʒɪtəmət/
lengthy	B2	形容詞	/ˈlɛŋθi/
lesbian	B2	形容詞	/ˈlɛzbiən/
lesser	B2	形容詞	/ˈlɛsɚ/
lethal	B2	形容詞	/ˈliθəl/
liable	B2	形容詞	/ˈlaɪəbəl/
liberal	B2	形容詞・名詞	/ˈlɪbɝəl/
liberation	B2	名詞	/lɪbɝˈeɪʃən/
liberty	B2	名詞	/ˈlɪbɚti/
lifelong	B2	形容詞	/ˈlaɪˈflɔŋ/
likelihood	B2	名詞	/ˈlaɪklihʊd/
limb	B2	名詞	/lɪm/
line-up	B2	名詞	/ˈlaɪnʌp/
linear	B2	形容詞	/ˈlɪniɚ/
linger	B2	動詞	/ˈlɪŋgɚ/
listing	B2	名詞	/ˈlɪstɪŋ/
literacy	B2	名詞	/ˈlɪtɚəsi/
liver	B2	名詞	/ˈlɪvɚ/
lobby	B2	名詞・動詞	/ˈlɑbi/
log	B2	名詞・動詞	/lɔg/
logic	B2	名詞	/ˈlɑdʒɪk/
long-standing	B2	形容詞	/ˈlɔŋstændɪŋ/
long-time	B2	形容詞	/ˈlɔŋtaɪm/
loom	B2	動詞	/lum/
loop	B2	名詞	/lup/
loyalty	B2	名詞	/ˈlɔɪəlti/
machinery	B2	名詞	/məˈʃinɚi/
magical	B2	形容詞	/ˈmædʒɪkəl/
magistrate	B2	名詞	/ˈmædʒəstreɪt/
magnetic	B2	形容詞	/mægˈnɛtɪk/
magnitude	B2	名詞	/ˈmægnətud/
mainland	B2	名詞	/ˈmeɪnlænd/
mainstream	B2	形容詞・名詞	/ˈmeɪnstrim/
maintenance	B2	名詞	/ˈmeɪntənəns/
mandate	B2	名詞	/ˈmændeɪt/
mandatory	B2	形容詞	/ˈmændətɔri/
manifest	B2	動詞	/ˈmænəfɛst/
manipulate	B2	動詞	/məˈnɪpjəleɪt/
manipulation	B2	名詞	/mənɪpjəˈleɪʃən/
manuscript	B2	名詞	/ˈmænjəskrɪpt/
march	B2	名詞・動詞	/mɑrtʃ/
marginal	B2	形容詞	/ˈmɑrdʒənəl/
marine	B2	形容詞	/mɚˈin/
marketplace	B2	名詞	/ˈmɑrkətpleɪs/
mask	B2	名詞	/mæsk/
massacre	B2	名詞	/ˈmæsəkɚ/
mathematical	B2	形容詞	/mæθəˈmætɪkəl/
mature	B2	形容詞・動詞	/məˈtʃʊr/
maximize	B2	動詞	/ˈmæksəmaɪz/
meaningful	B2	形容詞	/ˈminɪŋfəl/
meantime	B2	名詞	/ˈmintaɪm/
medieval	B2	形容詞	/mɪˈdivəl/
meditation	B2	名詞	/mɛdəˈteɪʃən/
melody	B2	名詞	/ˈmɛlədi/
memo	B2	名詞	/ˈmɛmoʊ/
memoir	B2	名詞	/ˈmɛmwɑr/
memorial	B2	名詞	/məˈmɔriəl/
mentor	B2	名詞	/ˈmɛntɔr/
merchant	B2	名詞	/ˈmɝtʃənt/
mercy	B2	名詞	/ˈmɝsi/
mere	B2	形容詞	/mɪr/
merely	B2	副詞	/ˈmɪrli/
merge	B2	動詞	/mɝdʒ/
merger	B2	名詞	/ˈmɝdʒɚ/
merit	B2	名詞	/ˈmɛrət/
methodology	B2	名詞	/mɛθəˈdɑlədʒi/
midst	B2	名詞	/mɪdst/
migration	B2	名詞	/maɪˈgreɪʃən/
militant	B2	形容詞・名詞	/ˈmɪlətənt/
militia	B2	名詞	/məˈlɪʃə/
mill	B2	名詞	/mɪl/
minimal	B2	形容詞	/ˈmɪnəməl/
minimize	B2	動詞	/ˈmɪnəmaɪz/
mining	B2	名詞	/ˈmaɪnɪŋ/
ministry	B2	名詞	/ˈmɪnəstri/
minute	B2	形容詞	/ˈmɪnət/
miracle	B2	名詞	/ˈmɪrəkəl/
misery	B2	名詞	/ˈmɪzɚi/
misleading	B2	形容詞	/mɪˈslidɪŋ/
missile	B2	名詞	/ˈmɪsəl/
mob	B2	名詞	/mɑb/
mobility	B2	名詞	/moʊˈbɪləti/
mobilize	B2	動詞	/ˈmoʊbəlaɪz/
moderate	B2	形容詞	/ˈmɑdɚət/
modification	B2	名詞	/mɑdəfəˈkeɪʃən/
momentum	B2	名詞	/moʊˈmɛntəm/
monk	B2	名詞	/mʌŋk/
monopoly	B2	名詞	/məˈnɑpəli/
morality	B2	名詞	/mɚˈæləti/
motive	B2	名詞	/ˈmoʊtɪv/
motorist	B2	名詞	/ˈmoʊtɚɪst/
municipal	B2	形容詞	/mjuˈnɪsəpəl/
mutual	B2	形容詞	/mˈjutʃuəl/
namely	B2	副詞	/ˈneɪmli/
nationwide	B2	形容詞	/ˈneɪʃənˈwaɪd/
naval	B2	形容詞	/ˈneɪvəl/
neglect	B2	名詞・動詞	/nəˈglɛkt/
neighbouring	B2	形容詞	/ˈneɪbɚɪŋ/
nest	B2	名詞	/nɛst/
newsletter	B2	名詞	/ˈnuzlɛtɚ/
niche	B2	名詞	/nɪtʃ/
noble	B2	形容詞	/ˈnoʊbəl/
nod	B2	動詞	/nɑd/
nominate	B2	動詞	/ˈnɑmənət/
nomination	B2	名詞	/nɑməˈneɪʃən/
nominee	B2	名詞	/nɑməˈni/
non-profit	B2	形容詞	/nɑnpˈrɔfɪt/
nonetheless	B2	副詞	/nʌnðəˈlɛs/
nonsense	B2	名詞	/ˈnɑnsɛns/
noon	B2	名詞	/nun/
notable	B2	形容詞	/ˈnoʊtəbəl/
notably	B2	副詞	/ˈnoʊtəbli/
notify	B2	動詞	/ˈnoʊtəfaɪ/
notorious	B2	形容詞	/noʊˈtɔriəs/
nursery	B2	名詞	/ˈnɝsɚi/
objection	B2	名詞	/əbˈdʒɛkʃən/
oblige	B2	動詞	/əˈblaɪdʒ/
obsess	B2	動詞	/əbˈsɛs/
obsession	B2	名詞	/əbˈsɛʃən/
occasional	B2	形容詞	/əˈkeɪʒənəl/
occurrence	B2	名詞	/əˈkɝəns/
odds	B2	名詞	/ɑdz/
offering	B2	名詞	/ˈɔfɚɪŋ/
offspring	B2	名詞	/ˈɔfsprɪŋ/
operational	B2	形容詞	/ɑpɚˈeɪʃənəl/
opt	B2	動詞	/ɑpt/
optical	B2	形容詞	/ˈɑptɪkəl/
optimism	B2	名詞	/ˈɑptəmɪzəm/
oral	B2	形容詞	/ˈɔrəl/
organizational	B2	形容詞	/ɔrgənəˈzeɪʃənəl/
orientation	B2	名詞	/ɔriɛnˈteɪʃən/
originate	B2	動詞	/ɚˈɪdʒəneɪt/
outbreak	B2	名詞	/ˈaʊtbreɪk/
outing	B2	名詞	/ˈaʊtɪŋ/
outlet	B2	名詞	/ˈaʊtlɛt/
outlook	B2	名詞	/ˈaʊtlʊk/
outrage	B2	名詞・動詞	/ˈaʊtreɪdʒ/
outsider	B2	名詞	/aʊtˈsaɪdɚ/
overlook	B2	動詞	/ˈoʊvɚlʊk/
overly	B2	副詞	/ˈoʊvɚli/
oversee	B2	動詞	/ˈoʊvɚsi/
overturn	B2	動詞	/ˈoʊvɚtɝn/
overwhelm	B2	動詞	/oʊvɚˈwɛlm/
overwhelming	B2	形容詞	/oʊvɚˈwɛlmɪŋ/
pad	B2	名詞	/pæd/
parameter	B2	名詞	/pɚˈæmətɚ/
parental	B2	形容詞	/pɚˈɛntəl/
parish	B2	名詞	/ˈpærɪʃ/
parliamentary	B2	形容詞	/pɑrləˈmɛntɚi/
partial	B2	形容詞	/ˈpɑrʃəl/
partially	B2	副詞	/ˈpɑrʃəli/
passing	B2	名詞	/ˈpæsɪŋ/
passive	B2	形容詞	/ˈpæsɪv/
pastor	B2	名詞	/ˈpæstɚ/
patch	B2	名詞	/pætʃ/
patent	B2	名詞	/ˈpætənt/
pathway	B2	名詞	/ˈpæθweɪ/
patrol	B2	名詞・動詞	/pəˈtroʊl/
patron	B2	名詞	/ˈpeɪtrən/
peak	B2	名詞	/pik/
peasant	B2	名詞	/ˈpɛzənt/
peculiar	B2	形容詞	/pəkˈjuljɚ/
persist	B2	動詞	/pɚˈsɪst/
persistent	B2	形容詞	/pɚˈsɪstənt/
personnel	B2	名詞	/pɝsəˈnɛl/
petition	B2	名詞	/pəˈtɪʃən/
philosopher	B2	名詞	/fəˈlɑsəfɚ/
philosophical	B2	形容詞	/fɪləˈsɑfɪkəl/
physician	B2	名詞	/fəˈzɪʃən/
pioneer	B2	名詞・動詞	/paɪəˈnɪr/
pipeline	B2	名詞	/ˈpaɪplaɪn/
pirate	B2	名詞	/ˈpaɪrət/
pit	B2	名詞	/pɪt/
plea	B2	名詞	/pli/
plead	B2	動詞	/plid/
pledge	B2	名詞・動詞	/plɛdʒ/
plug	B2	名詞・動詞	/plʌg/
plunge	B2	動詞	/plʌndʒ/
pole	B2	名詞	/poʊl/
poll	B2	名詞	/poʊl/
pond	B2	名詞	/pɑnd/
portfolio	B2	名詞	/pɔrtˈfoʊlioʊ/
portray	B2	動詞	/pɔrtˈreɪ/
post-war	B2	形容詞	/ˈpoʊstˈwɔr/
postpone	B2	動詞	/poʊstˈpoʊn/
practitioner	B2	名詞	/prækˈtɪʃənɚ/
preach	B2	動詞	/pritʃ/
precedent	B2	名詞	/ˈprɛsɪdənt/
precision	B2	名詞	/priˈsɪʒən/
predator	B2	名詞	/ˈprɛdətɚ/
predecessor	B2	名詞	/ˈprɛdəsɛsɚ/
predominantly	B2	副詞	/prɪˈdɑmənəntli/
pregnancy	B2	名詞	/ˈprɛgnənsi/
prejudice	B2	名詞	/ˈprɛdʒədɪs/
preliminary	B2	形容詞	/prɪˈlɪmənɛri/
premier	B2	形容詞	/prɛˈmɪr/
premise	B2	名詞	/ˈprɛmɪs/
premium	B2	名詞	/ˈprimiəm/
prescribe	B2	動詞	/prəˈskraɪb/
prescription	B2	名詞	/prəˈskrɪpʃən/
presently	B2	副詞	/ˈprɛzəntli/
preservation	B2	名詞	/prɛzɚˈveɪʃən/
preside	B2	動詞	/prɪˈzaɪd/
presidency	B2	名詞	/ˈprɛzədənsi/
presidential	B2	形容詞	/prɛzəˈdɛnʃəl/
prestigious	B2	形容詞	/prɛˈstɪdʒəs/
presumably	B2	副詞	/prəˈzuməbli/
presume	B2	動詞	/prɪˈzum/
prevail	B2	動詞	/prɪˈveɪl/
prevalence	B2	名詞	/ˈprɛvələns/
prevention	B2	名詞	/priˈvɛnʃən/
prey	B2	名詞	/preɪ/
privatization	B2	名詞	/ˈpraɪvətəˈzeɪʃən/
privilege	B2	名詞	/ˈprɪvlədʒ/
probe	B2	名詞・動詞	/proʊb/
problematic	B2	形容詞	/prɑbləˈmætɪk/
proceeding	B2	名詞	/prəˈsidɪŋ/
proceeds	B2	名詞	/prəˈsidz/
processing	B2	名詞	/ˈprɑsɛsɪŋ/
processor	B2	名詞	/ˈprɑsɛsɚ/
proclaim	B2	動詞	/proʊˈkleɪm/
productive	B2	形容詞	/prəˈdʌktɪv/
productivity	B2	名詞	/proʊdəkˈtɪvəti/
profitable	B2	形容詞	/ˈprɑfətəbəl/
profound	B2	形容詞	/proʊˈfaʊnd/
projection	B2	名詞	/prəˈdʒɛkʃən/
prominent	B2	形容詞	/ˈprɑmənənt/
pronounced	B2	形容詞	/prəˈnaʊnst/
propaganda	B2	名詞	/prɑpəˈgændə/
proposition	B2	名詞	/prɑpəˈzɪʃən/
prosecute	B2	動詞	/ˈprɑsəkjut/
prosecution	B2	名詞	/prɑsəkˈjuʃən/
prosecutor	B2	名詞	/ˈprɑsɪkjutɚ/
prospective	B2	形容詞	/prəˈspɛktɪv/
prosperity	B2	名詞	/prɑˈspɛrəti/
protective	B2	形容詞	/prəˈtɛktɪv/
protocol	B2	名詞	/ˈproʊtəkɑl/
province	B2	名詞	/ˈprɑvəns/
provincial	B2	形容詞	/prəˈvɪnʃəl/
provision	B2	名詞	/prəˈvɪʒən/
provoke	B2	動詞	/prəˈvoʊk/
psychiatric	B2	形容詞	/saɪkiˈætrɪk/
pulse	B2	名詞	/pʌls/
pump	B2	名詞・動詞	/pʌmp/
punch	B2	名詞・動詞	/pʌntʃ/
query	B2	名詞	/kˈwiri/
quest	B2	名詞	/kwɛst/
quota	B2	名詞	/kˈwoʊtə/
radar	B2	名詞	/ˈreɪdɑr/
radical	B2	形容詞	/ˈrædəkəl/
rage	B2	名詞	/reɪdʒ/
raid	B2	名詞・動詞	/reɪd/
rally	B2	名詞・動詞	/ˈræli/
ranking	B2	名詞	/ˈræŋkɪŋ/
rape	B2	名詞・動詞	/reɪp/
ratio	B2	名詞	/ˈreɪʃioʊ/
rational	B2	形容詞	/ˈræʃənəl/
ray	B2	名詞	/reɪ/
readily	B2	副詞	/ˈrɛdəli/
realization	B2	名詞	/ˈriləˈzeɪʃən/
realm	B2	名詞	/rɛlm/
rear	B2	形容詞・名詞	/rɪr/
reasoning	B2	名詞	/ˈrizənɪŋ/
reassure	B2	動詞	/riəˈʃʊr/
rebel	B2	名詞	/ˈrɛbəl/
rebellion	B2	名詞	/rɪˈbɛljən/
recipient	B2	名詞	/rəˈsɪpiənt/
reconstruction	B2	名詞	/rikənstˈrʌkʃən/
recount	B2	動詞	/rɪˈkaʊnt/
referendum	B2	名詞	/rɛfɚˈɛndəm/
reflection	B2	名詞	/rɪˈflɛkʃən/
refuge	B2	名詞	/ˈrɛfjudʒ/
refusal	B2	名詞	/rəfˈjuzəl/
regain	B2	動詞	/rɪˈgeɪn/
regardless	B2	副詞	/rəˈgɑrdləs/
regime	B2	名詞	/rəˈʒim/
regulator	B2	名詞	/ˈrɛgjəleɪtɚ/
regulatory	B2	形容詞	/ˈrɛgjələtɔri/
rehabilitation	B2	名詞	/rihəbɪləˈteɪʃən/
reign	B2	名詞・動詞	/reɪn/
rejection	B2	名詞	/rɪˈdʒɛkʃən/
relevance	B2	名詞	/ˈrɛləvəns/
reliability	B2	名詞	/rilaɪəˈbɪləti/
reluctant	B2	形容詞	/rɪˈlʌktənt/
remainder	B2	名詞	/rɪˈmeɪndɚ/
remains	B2	名詞	/rɪˈmeɪnz/
remedy	B2	名詞	/ˈrɛmədi/
reminder	B2	名詞	/riˈmaɪndɚ/
removal	B2	名詞	/rɪˈmuvəl/
render	B2	動詞	/ˈrɛndɚ/
renew	B2	動詞	/rɪˈnu/
renowned	B2	形容詞	/rɪˈnaʊnd/
rental	B2	名詞	/ˈrɛntəl/
replacement	B2	名詞	/rɪˈpleɪsmənt/
reportedly	B2	副詞	/rɪˈpɔrtədli/
representation	B2	名詞	/rɛprəzɛnˈteɪʃən/
reproduce	B2	動詞	/riprəˈdus/
reproduction	B2	名詞	/riprəˈdʌkʃən/
republic	B2	名詞	/riˈpʌblək/
resemble	B2	動詞	/rɪˈzɛmbəl/
reside	B2	動詞	/rɪˈzaɪd/
residence	B2	名詞	/ˈrɛzɪdəns/
residential	B2	形容詞	/rɛzɪˈdɛnʃəl/
residue	B2	名詞	/ˈrɛzədu/
resignation	B2	名詞	/rɛzəgˈneɪʃən/
resistance	B2	名詞	/rɪˈzɪstəns/
respective	B2	形容詞	/rɪˈspɛktɪv/
respectively	B2	副詞	/rɪˈspɛktɪvli/
restoration	B2	名詞	/rɛstɚˈeɪʃən/
restraint	B2	名詞	/rɪˈstreɪnt/
resume	B2	動詞	/rɪˈzum/
retreat	B2	名詞・動詞	/riˈtrit/
retrieve	B2	動詞	/rɪˈtriv/
revelation	B2	名詞	/rɛvəˈleɪʃən/
revenge	B2	名詞	/riˈvɛndʒ/
reverse	B2	形容詞・名詞・動詞	/rɪˈvɝs/
revival	B2	名詞	/rɪˈvaɪvəl/
revive	B2	動詞	/rɪˈvaɪv/
revolutionary	B2	形容詞	/rɛvəˈluʃənɛri/
rhetoric	B2	名詞	/ˈrɛtɚɪk/
rifle	B2	名詞	/ˈraɪfəl/
riot	B2	名詞	/ˈraɪət/
rip	B2	動詞	/rɪp/
ritual	B2	名詞	/ˈrɪtʃuəl/
robust	B2	形容詞	/roʊˈbʌst/
rod	B2	名詞	/rɑd/
rotate	B2	動詞	/ˈroʊteɪt/
rotation	B2	名詞	/roʊˈteɪʃən/
ruling	B2	名詞	/ˈrulɪŋ/
rumour	B2	名詞	/ˈrumɚ/
sack	B2	動詞	/sæk/
sacred	B2	形容詞	/ˈseɪkrəd/
saint	B2	名詞	/seɪnt/
sake	B2	名詞	/seɪk/
sanction	B2	名詞	/ˈsæŋkʃən/
say	B2	名詞	/seɪ/
scattered	B2	形容詞	/ˈskætɚd/
sceptical	B2	形容詞	/ˈskɛptəkəl/
scope	B2	名詞	/skoʊp/
screw	B2	名詞・動詞	/skru/
scrutiny	B2	名詞	/ˈskrutəni/
secular	B2	形容詞	/ˈsɛkjəlɚ/
seemingly	B2	副詞	/ˈsimɪŋli/
segment	B2	名詞	/ˈsɛgmənt/
seize	B2	動詞	/siz/
seldom	B2	副詞	/ˈsɛldəm/
selective	B2	形容詞	/səˈlɛktɪv/
senator	B2	名詞	/ˈsɛnətɚ/
sensation	B2	名詞	/sɛnˈseɪʃən/
sensitivity	B2	名詞	/sɛnsɪˈtɪvɪti/
sentiment	B2	名詞	/ˈsɛntəmənt/
separation	B2	名詞	/sɛpɚˈeɪʃən/
serial	B2	形容詞	/ˈsɪriəl/
settlement	B2	名詞	/ˈsɛtəlmənt/
sexuality	B2	名詞	/sɛkʃuˈæləti/
shareholder	B2	名詞	/ˈʃɛrhoʊldɚ/
shatter	B2	動詞	/ˈʃætɚ/
shed	B2	動詞	/ʃɛd/
sheer	B2	形容詞	/ʃɪr/
shipping	B2	名詞	/ˈʃɪpɪŋ/
shrink	B2	動詞	/ʃrɪŋk/
shrug	B2	動詞	/ʃrʌg/
sigh	B2	名詞・動詞	/saɪ/
simulate	B2	動詞	/ˈsɪmjələt/
simulation	B2	名詞	/sɪmjəˈleɪʃən/
simultaneously	B2	副詞	/saɪməlˈteɪniəsli/
sin	B2	名詞	/sɪn/
situated	B2	形容詞	/ˈsɪtʃueɪtɪd/
sketch	B2	名詞	/skɛtʃ/
slam	B2	動詞	/slæm/
slap	B2	動詞	/slæp/
slash	B2	動詞	/slæʃ/
slavery	B2	名詞	/ˈsleɪvɚi/
slot	B2	名詞	/slɑt/
smash	B2	動詞	/smæʃ/
snap	B2	動詞	/snæp/
soak	B2	動詞	/soʊk/
soar	B2	動詞	/sɔr/
socialist	B2	形容詞	/ˈsoʊʃələst/
sole	B2	形容詞	/soʊl/
solely	B2	副詞	/ˈsoʊəli/
solicitor	B2	名詞	/səˈlɪsətɚ/
solidarity	B2	名詞	/sɑləˈdɛrəti/
solo	B2	形容詞・名詞	/ˈsoʊloʊ/
sound	B2	形容詞	/saʊnd/
sovereignty	B2	名詞	/ˈsɑvrənti/
spam	B2	名詞	/spæm/
span	B2	名詞・動詞	/spæn/
spark	B2	動詞	/spɑrk/
specialized	B2	形容詞	/ˈspɛʃəlaɪzd/
specification	B2	名詞	/spɛsɪfɪˈkeɪʃən/
specimen	B2	名詞	/ˈspɛsəmən/
spectacle	B2	名詞	/ˈspɛktəkəl/
spectrum	B2	名詞	/ˈspɛktrəm/
spell	B2	名詞	/spɛl/
sphere	B2	名詞	/sfɪr/
spin	B2	名詞・動詞	/spɪn/
spine	B2	名詞	/spaɪn/
spotlight	B2	名詞	/ˈspɑtlaɪt/
spouse	B2	名詞	/spaʊs/
spy	B2	名詞・動詞	/spaɪ/
squad	B2	名詞	/skwɑd/
stab	B2	動詞	/stæb/
stability	B2	名詞	/stəˈbɪlɪti/
stabilize	B2	動詞	/ˈsteɪbəlaɪz/
stake	B2	名詞	/steɪk/
standing	B2	形容詞	/ˈstændɪŋ/
stark	B2	形容詞	/stɑrk/
statistical	B2	形容詞	/stəˈtɪstɪkəl/
steer	B2	動詞	/stɪr/
stem	B2	名詞・動詞	/stɛm/
stereotype	B2	名詞	/ˈstɛriətaɪp/
stimulus	B2	名詞	/ˈstɪmjələs/
straightforward	B2	形容詞	/ˈstreɪtˈfɔrwɚd/
strain	B2	名詞	/streɪn/
strand	B2	名詞	/strænd/
strategic	B2	形容詞	/strəˈtidʒɪk/
striking	B2	形容詞	/ˈstraɪkɪŋ/
strip	B2	名詞・動詞	/strɪp/
strive	B2	動詞	/straɪv/
structural	B2	形容詞	/ˈstrʌktʃɚəl/
stumble	B2	動詞	/ˈstʌmbəl/
stun	B2	動詞	/stʌn/
submission	B2	名詞	/səbˈmɪʃən/
subscriber	B2	名詞	/səbskˈraɪbɚ/
subscription	B2	名詞	/səbskˈrɪpʃən/
subsidy	B2	名詞	/ˈsʌbsɪdi/
substantial	B2	形容詞	/səbsˈtænʃəl/
substantially	B2	副詞	/səbsˈtænʃəli/
substitution	B2	名詞	/sʌbstɪˈtuʃən/
subtle	B2	形容詞	/ˈsʌtəl/
suburban	B2	形容詞	/səˈbɝbən/
succession	B2	名詞	/səkˈsɛʃən/
successive	B2	形容詞	/səkˈsɛsɪv/
successor	B2	名詞	/səkˈsɛsɚ/
suck	B2	動詞	/sʌk/
sue	B2	動詞	/su/
suicide	B2	名詞	/ˈsuəsaɪd/
suite	B2	名詞	/swit/
summit	B2	名詞	/ˈsʌmət/
superb	B2	形容詞	/sʊˈpɝb/
superior	B2	形容詞	/suˈpɪriɚ/
supervise	B2	動詞	/ˈsupɚvaɪz/
supervision	B2	名詞	/supɚˈvɪʒən/
supervisor	B2	名詞	/ˈsupɚvaɪzɚ/
supplement	B2	名詞・動詞	/ˈsʌpləmənt/
supportive	B2	形容詞	/səˈpɔrtɪv/
supposedly	B2	副詞	/səˈpoʊzədli/
suppress	B2	動詞	/səˈprɛs/
supreme	B2	形容詞	/səˈprim/
surge	B2	名詞・動詞	/sɝdʒ/
surgical	B2	形容詞	/ˈsɝdʒɪkəl/
surplus	B2	名詞	/ˈsɝpləs/
surrender	B2	動詞	/sɚˈɛndɚ/
surveillance	B2	名詞	/sɚˈveɪləns/
suspension	B2	名詞	/səˈspɛnʃən/
suspicion	B2	名詞	/səˈspɪʃən/
suspicious	B2	形容詞	/səˈspɪʃəs/
swing	B2	名詞・動詞	/swɪŋ/
sword	B2	名詞	/sɔrd/
symbolic	B2	形容詞	/sɪmˈbɑlɪk/
syndrome	B2	名詞	/ˈsɪndroʊm/
synthesis	B2	名詞	/ˈsɪnθəsəs/
systematic	B2	形容詞	/sɪstəˈmætɪk/
tactic	B2	名詞	/ˈtæktɪk/
tactical	B2	形容詞	/ˈtæktɪkəl/
taxpayer	B2	名詞	/ˈtækspeɪɚ/
tempt	B2	動詞	/tɛmpt/
tenant	B2	名詞	/ˈtɛnənt/
tender	B2	形容詞	/ˈtɛndɚ/
tenure	B2	名詞	/ˈtɛnjɚ/
terminate	B2	動詞	/ˈtɝməneɪt/
terrain	B2	名詞	/tɚˈeɪn/
terrific	B2	形容詞	/tɚˈɪfɪk/
testify	B2	動詞	/ˈtɛstəfaɪ/
testimony	B2	名詞	/ˈtɛstəmoʊni/
texture	B2	名詞	/ˈtɛkstʃɚ/
thankfully	B2	副詞	/ˈθæŋkfəli/
theatrical	B2	形容詞	/θiˈætrɪkəl/
theology	B2	名詞	/θiˈɑlədʒi/
theoretical	B2	形容詞	/θiɚˈɛtɪkəl/
thereafter	B2	副詞	/ðɛˈræftɚ/
thereby	B2	副詞	/ˈðɛrˈbaɪ/
thought-provoking	B2	形容詞	/θɔt prəˈvoʊkɪŋ/
thoughtful	B2	形容詞	/ˈθɔtfəl/
thread	B2	名詞	/θrɛd/
threshold	B2	名詞	/ˈθrɛʃoʊld/
thrilled	B2	形容詞	/θrɪld/
thrive	B2	動詞	/θraɪv/
tide	B2	名詞	/taɪd/
tighten	B2	動詞	/ˈtaɪtən/
timber	B2	名詞	/ˈtɪmbɚ/
timely	B2	形容詞	/ˈtaɪmli/
tobacco	B2	名詞	/təˈbækoʊ/
tolerance	B2	名詞	/ˈtɑlɚəns/
tolerate	B2	動詞	/ˈtɑlɚeɪt/
toll	B2	名詞	/toʊl/
torture	B2	名詞・動詞	/ˈtɔrtʃɚ/
toss	B2	動詞	/tɔs/
toxic	B2	形容詞	/ˈtɑksɪk/
trademark	B2	名詞	/ˈtreɪdmɑrk/
trail	B2	名詞・動詞	/treɪl/
trailer	B2	名詞	/ˈtreɪlɚ/
transaction	B2	名詞	/trænˈzækʃən/
transcript	B2	名詞	/ˈtrænskrɪpt/
transformation	B2	名詞	/trænsfɚˈmeɪʃən/
transit	B2	名詞	/ˈtrænzɪt/
transmission	B2	名詞	/trænsˈmɪʃən/
transparency	B2	名詞	/trænsˈpɛrənsi/
transparent	B2	形容詞	/trænsˈpɛrənt/
trauma	B2	名詞	/ˈtrɔmə/
treaty	B2	名詞	/ˈtriti/
tremendous	B2	形容詞	/trəˈmɛndəs/
tribal	B2	形容詞	/ˈtraɪbəl/
tribunal	B2	名詞	/trəbˈjunəl/
tribute	B2	名詞	/ˈtrɪbjut/
trio	B2	名詞	/ˈtrioʊ/
triumph	B2	名詞	/ˈtraɪəmf/
trophy	B2	名詞	/ˈtroʊfi/
troubled	B2	形容詞	/ˈtrʌbəld/
trustee	B2	名詞	/trʌˈsti/
tuition	B2	名詞	/tjuˈɪʃən/
turnout	B2	名詞	/ˈtɝnaʊt/
turnover	B2	名詞	/ˈtɝnoʊvɚ/
twist	B2	名詞・動詞	/twɪst/
undergraduate	B2	名詞	/ʌndɚˈgrædʒəwət/
underlying	B2	形容詞	/ʌndɚˈlaɪɪŋ/
undermine	B2	動詞	/ˈʌndɚmaɪn/
undoubtedly	B2	副詞	/ənˈdaʊtɪdli/
unify	B2	動詞	/ˈjunəfaɪ/
unprecedented	B2	形容詞	/ənpˈrɛsɪdɛntɪd/
unveil	B2	動詞	/ənˈveɪl/
upcoming	B2	形容詞	/ˈʌpkʌmɪŋ/
upgrade	B2	名詞・動詞	/əpgˈreɪd/
uphold	B2	動詞	/əpˈhoʊld/
utility	B2	名詞	/juˈtɪləti/
utilize	B2	動詞	/ˈjutəlaɪz/
utterly	B2	副詞	/ˈʌtɚli/
vacuum	B2	名詞	/ˈvækjum/
vague	B2	形容詞	/veɪg/
validity	B2	名詞	/vəˈlɪdəti/
vanish	B2	動詞	/ˈvænɪʃ/
variable	B2	形容詞・名詞	/ˈvɛriəbəl/
varied	B2	形容詞	/ˈvɛrid/
vein	B2	名詞	/veɪn/
venture	B2	名詞・動詞	/ˈvɛntʃɚ/
verbal	B2	形容詞	/ˈvɝbəl/
verdict	B2	名詞	/ˈvɝdɪkt/
verify	B2	動詞	/ˈvɛrəfaɪ/
verse	B2	名詞	/vɝs/
versus	B2	前置詞	/ˈvɝsəs/
vessel	B2	名詞	/ˈvɛsəl/
veteran	B2	名詞	/ˈvɛtɚən/
viable	B2	形容詞	/ˈvaɪəbəl/
vibrant	B2	形容詞	/ˈvaɪbrənt/
vice	B2	名詞	/vaɪs/
vicious	B2	形容詞	/ˈvɪʃəs/
villager	B2	名詞	/ˈvɪlɪdʒɚ/
violate	B2	動詞	/ˈvaɪəleɪt/
violation	B2	名詞	/vaɪəˈleɪʃən/
virtue	B2	名詞	/ˈvɝtʃu/
vocal	B2	形容詞	/ˈvoʊkəl/
vow	B2	動詞	/vaʊ/
vulnerability	B2	名詞	/vʌlnɚəˈbɪlɪti/
vulnerable	B2	形容詞	/ˈvʌlnɚəbəl/
ward	B2	名詞	/wɔrd/
warehouse	B2	名詞	/ˈwɛrhaʊs/
warfare	B2	名詞	/ˈwɔrfɛr/
warrant	B2	名詞・動詞	/ˈwɔrənt/
warrior	B2	名詞	/ˈwɔriɚ/
weaken	B2	動詞	/ˈwikən/
weave	B2	動詞	/wiv/
weed	B2	名詞	/wid/
well	B2	名詞	/wɛl/
well-being	B2	名詞	/wɛlˈbiɪŋ/
whatsoever	B2	副詞	/wʌtsoʊˈɛvɚ/
whereby	B2	副詞	/wɛrˈbaɪ/
whilst	B2	接続詞	/waɪlst/
whip	B2	動詞	/wɪp/
wholly	B2	副詞	/ˈhoʊli/
widen	B2	動詞	/ˈwaɪdən/
widow	B2	名詞	/ˈwɪdoʊ/
width	B2	名詞	/wɪdθ/
willingness	B2	名詞	/ˈwɪlɪŋnəs/
wipe	B2	動詞	/waɪp/
wit	B2	名詞	/wɪt/
withdrawal	B2	名詞	/wɪðdˈrɔəl/
workout	B2	名詞	/ˈwɝkaʊt/
worship	B2	名詞・動詞	/ˈwɝʃəp/
worthwhile	B2	形容詞	/ˈwɝθˈwaɪl/
worthy	B2	形容詞	/ˈwɝði/
yell	B2	動詞	/jɛl/
yield	B2	名詞・動詞	/jild/
youngster	B2	名詞	/ˈjʌŋstɚ/
back up	B1	句動詞	/bæk ʌp/
blow up	B1	句動詞	/bloʊ ʌp/
break into	B2	句動詞	/breɪk ˈɪntu/
break out	B2	句動詞	/breɪk aʊt/
break up	B1	句動詞	/breɪk ʌp/
bring about	B2	句動詞	/brɪŋ əˈbaʊt/
bring up	B1	句動詞	/brɪŋ ʌp/
build up	B1	句動詞	/bɪld ʌp/
call back	A2	句動詞	/kɔl bæk/
call for	B2	句動詞	/kɔl fɔr/
call off	B1	句動詞	/kɔl ɔf/
calm down	B1	句動詞	/kɑm daʊn/
carry on	B1	句動詞	/ˈkæri ɑn/
carry out	B2	句動詞	/ˈkæri aʊt/
catch up	B1	句動詞	/kætʃ ʌp/
check in	A2	句動詞	/tʃɛk ɪn/
check out	A2	句動詞	/tʃɛk aʊt/
cheer up	B1	句動詞	/tʃɪr ʌp/
clean up	A2	句動詞	/klin ʌp/
come along	B2	句動詞	/kʌm əˈlɔŋ/
come back	A2	句動詞	/kʌm bæk/
come out	A2	句動詞	/kʌm aʊt/
come up	B1	句動詞	/kʌm ʌp/
come up with	B1	句動詞	/kʌm ʌp wɪð/
count on	B2	句動詞	/kaʊnt ɑn/
cut off	B1	句動詞	/kʌt ɔf/
cut out	B1	句動詞	/kʌt aʊt/
do without	B2	句動詞	/du wɪˈθaʊt/
drop off	B1	句動詞	/drɑp ɔf/
drop out	B2	句動詞	/drɑp aʊt/
eat out	A2	句動詞	/it aʊt/
fall apart	B2	句動詞	/fɔl əˈpɑrt/
fall behind	B2	句動詞	/fɔl bɪˈhaɪnd/
fill in	B1	句動詞	/fɪl ɪn/
fill out	B1	句動詞	/fɪl aʊt/
get across	B2	句動詞	/gɛt əˈkrɔs/
get along	B1	句動詞	/gɛt əˈlɔŋ/
get around	B2	句動詞	/gɛt ɚˈaʊnd/
get away	B1	句動詞	/gɛt əˈweɪ/
get back	A2	句動詞	/gɛt bæk/
get by	B2	句動詞	/gɛt baɪ/
get into	B1	句動詞	/gɛt ˈɪntu/
get off	A2	句動詞	/gɛt ɔf/
get on	A2	句動詞	/gɛt ɑn/
get out	A2	句動詞	/gɛt aʊt/
get through	B2	句動詞	/gɛt θru/
get together	B1	句動詞	/gɛt təˈgɛðɚ/
get up	A2	句動詞	/gɛt ʌp/
give away	B1	句動詞	/gɪv əˈweɪ/
give back	A2	句動詞	/gɪv bæk/
give in	B2	句動詞	/gɪv ɪn/
give off	B2	句動詞	/gɪv ɔf/
give out	B1	句動詞	/gɪv aʊt/
go ahead	B1	句動詞	/goʊ əˈhɛd/
go back	A2	句動詞	/goʊ bæk/
go down	A2	句動詞	/goʊ daʊn/
go off	B1	句動詞	/goʊ ɔf/
go on	A2	句動詞	/goʊ ɑn/
go out	A2	句動詞	/goʊ aʊt/
go over	B1	句動詞	/goʊ ˈoʊvɚ/
go through	B1	句動詞	/goʊ θru/
go up	A2	句動詞	/goʊ ʌp/
grow up	A2	句動詞	/groʊ ʌp/
hand in	B1	句動詞	/hænd ɪn/
hand out	B1	句動詞	/hænd aʊt/
hand over	B2	句動詞	/hænd ˈoʊvɚ/
hang on	B1	句動詞	/hæŋ ɑn/
hang out	B1	句動詞	/hæŋ aʊt/
hang up	A2	句動詞	/hæŋ ʌp/
hold back	B2	句動詞	/hoʊld bæk/
hold on	B1	句動詞	/hoʊld ɑn/
hold up	B2	句動詞	/hoʊld ʌp/
keep on	B1	句動詞	/kip ɑn/
keep up	B1	句動詞	/kip ʌp/
knock down	B1	句動詞	/nɑk daʊn/
lay off	B2	句動詞	/leɪ ɔf/
leave out	B1	句動詞	/liv aʊt/
let down	B2	句動詞	/lɛt daʊn/
live up to	B2	句動詞	/laɪv ʌp tu/
look back	B1	句動詞	/lʊk bæk/
look down on	B2	句動詞	/lʊk daʊn ɑn/
look into	B2	句動詞	/lʊk ˈɪntu/
look out	A2	句動詞	/lʊk aʊt/
look through	B1	句動詞	/lʊk θru/
look up	A2	句動詞	/lʊk ʌp/
look up to	B2	句動詞	/lʊk ʌp tu/
make out	B2	句動詞	/meɪk aʊt/
make up	B1	句動詞	/meɪk ʌp/
make up for	B2	句動詞	/meɪk ʌp fɔr/
move in	B1	句動詞	/muv ɪn/
move on	B1	句動詞	/muv ɑn/
move out	B1	句動詞	/muv aʊt/
pass away	B2	句動詞	/pæs əˈweɪ/
pass on	B1	句動詞	/pæs ɑn/
pay back	B1	句動詞	/peɪ bæk/
pay off	B2	句動詞	/peɪ ɔf/
pick out	B1	句動詞	/pɪk aʊt/
pull out	B2	句動詞	/pʊl aʊt/
pull over	B2	句動詞	/pʊl ˈoʊvɚ/
put away	A2	句動詞	/pʊt əˈweɪ/
put back	A2	句動詞	/pʊt bæk/
put down	B1	句動詞	/pʊt daʊn/
put on	A2	句動詞	/pʊt ɑn/
put out	B1	句動詞	/pʊt aʊt/
put together	B1	句動詞	/pʊt təˈgɛðɚ/
put up	B1	句動詞	/pʊt ʌp/
rule out	B2	句動詞	/rul aʊt/
run into	B1	句動詞	/rʌn ˈɪntu/
run over	B2	句動詞	/rʌn ˈoʊvɚ/
sell out	B1	句動詞	/sɛl aʊt/
set aside	B2	句動詞	/sɛt əˈsaɪd/
set off	B1	句動詞	/sɛt ɔf/
set out	B2	句動詞	/sɛt aʊt/
settle down	B2	句動詞	/ˈsɛtəl daʊn/
shut down	B1	句動詞	/ʃʌt daʊn/
slow down	A2	句動詞	/sloʊ daʊn/
speak up	B2	句動詞	/spik ʌp/
stand by	B2	句動詞	/stænd baɪ/
stand for	B2	句動詞	/stænd fɔr/
stand out	B1	句動詞	/stænd aʊt/
stay up	A2	句動詞	/steɪ ʌp/
stick to	B1	句動詞	/stɪk tu/
take after	B2	句動詞	/teɪk ˈæftɚ/
take back	B1	句動詞	/teɪk bæk/
take down	B1	句動詞	/teɪk daʊn/
take in	B2	句動詞	/teɪk ɪn/
take on	B2	句動詞	/teɪk ɑn/
take out	A2	句動詞	/teɪk aʊt/
take up	B1	句動詞	/teɪk ʌp/
throw away	A2	句動詞	/θroʊ əˈweɪ/
try on	A2	句動詞	/traɪ ɑn/
try out	B1	句動詞	/traɪ aʊt/
turn around	B1	句動詞	/tɝn ɚˈaʊnd/
turn down	B1	句動詞	/tɝn daʊn/
turn into	B1	句動詞	/tɝn ˈɪntu/
turn off	A2	句動詞	/tɝn ɔf/
turn on	A2	句動詞	/tɝn ɑn/
turn out	B2	句動詞	/tɝn aʊt/
turn up	B1	句動詞	/tɝn ʌp/
use up	B2	句動詞	/jus ʌp/
wake up	A2	句動詞	/weɪk ʌp/
warm up	B1	句動詞	/wɔrm ʌp/
wear out	B2	句動詞	/wɛr aʊt/
work out	B1	句動詞	/wɝk aʊt/
write down	A2	句動詞	/raɪt daʊn/
in terms of	B2	前置詞	/ɪn tɝmz ʌv/
on behalf of	B2	前置詞	/ɑn bɪˈhæf ʌv/
in spite of	B1	前置詞	/ɪn spaɪt ʌv/
due to	B1	前置詞	/du tu/
apart from	B1	前置詞	/əˈpɑrt frʌm/
regardless of	B2	前置詞	/rəˈgɑrdləs ʌv/
in addition to	B1	前置詞	/ɪn əˈdɪʃən tu/
rather than	B1	接続詞	/ˈræðɚ ðæn/
as well as	A2	接続詞	/æz wɛl æz/
in charge of	B1	前置詞	/ɪn tʃɑrdʒ ʌv/
in advance	B1	副詞	/ɪn ədˈvæns/
on purpose	B1	副詞	/ɑn ˈpɝpəs/
at least	A2	副詞	/æt list/
at last	A2	副詞	/æt læst/
no longer	B1	副詞	/noʊ ˈlɔŋgɚ/
as far as	B1	接続詞	/æz fɑr æz/
as long as	B1	接続詞	/æz lɔŋ æz/
in general	B1	副詞	/ɪn ˈdʒɛnɚəl/
in particular	B1	副詞	/ɪn pɚˈtɪkjəlɚ/
in fact	A2	副詞	/ɪn fækt/
for instance	B1	副詞	/fɔr ˈɪnstəns/
on the whole	B2	副詞	/ɑn ðə hoʊl/
in the meantime	B2	副詞	/ɪn ðə ˈmintaɪm/
by no means	B2	副詞	/baɪ noʊ minz/
as a result	B1	副詞	/æz ə rɪˈzʌlt/
in return	B1	副詞	/ɪn rɪˈtɝn/
on average	B1	副詞	/ɑn ˈævɚɪdʒ/
at random	B2	副詞	/æt ˈrændəm/
in common	B1	副詞	/ɪn ˈkɑmən/
out of date	B1	形容詞	/aʊt ʌv deɪt/
up to date	B1	形容詞	/ʌp tu deɪt/
allergic	B2	形容詞	/əˈlɝdʒɪk/
bilingual	B2	形容詞	/baɪˈlɪŋgwəl/
clumsy	B2	形容詞	/ˈklʌmzi/
commute	B2	動詞・名詞	/kəmˈjut/
compliment	B2	名詞・動詞	/ˈkɑmpləmɛnt/
considerate	B2	形容詞	/kənˈsɪdɚət/
courageous	B2	形容詞	/kɚˈeɪdʒəs/
discomfort	B2	名詞	/dɪˈskʌmfɚt/
dizzy	B2	形容詞	/ˈdɪzi/
downside	B2	名詞	/ˈdaʊnsaɪd/
drawback	B2	名詞	/ˈdrɔbæk/
endurance	B2	名詞	/ˈɛndɚəns/
eyesight	B2	名詞	/ˈaɪsaɪt/
faithful	B2	形容詞	/ˈfeɪθfəl/
feasible	B2	形容詞	/ˈfizəbəl/
forgetful	B2	形容詞	/fɔrˈgɛtfəl/
generosity	B2	名詞	/dʒɛnɚˈɑsəti/
gratitude	B2	名詞	/ˈgrætətud/
greeting	B1	名詞	/ˈgritɪŋ/
hardship	B2	名詞	/ˈhɑrdʃɪp/
hesitation	B2	名詞	/hɛzəˈteɪʃən/
homesick	B1	形容詞	/ˈhoʊmsɪk/
imaginative	B2	形容詞	/ɪˈmædʒənətɪv/
immature	B2	形容詞	/ɪmətˈjʊr/
inconvenience	B2	名詞・動詞	/ɪnkənˈvinjəns/
indifferent	B2	形容詞	/ɪnˈdɪfrənt/
informative	B2	形容詞	/ɪnˈfɔrmətɪv/
jealousy	B2	名詞	/ˈdʒɛləsi/
laziness	B1	名詞	/ˈleɪzinəs/
leftover	B1	名詞・形容詞	/ˈlɛftoʊvɚ/
loneliness	B2	名詞	/ˈloʊnlinəs/
misunderstanding	B1	名詞	/mɪsəndɚˈstændɪŋ/
nervousness	B1	名詞	/ˈnɝvəsnəs/
nostalgia	B2	名詞	/nɔˈstældʒə/
obedient	B2	形容詞	/oʊˈbidiənt/
outgoing	B2	形容詞	/ˈaʊtgoʊɪŋ/
overtime	B1	名詞・副詞	/ˈoʊvɚtaɪm/
paperwork	B2	名詞	/ˈpeɪpɚwɝk/
persuasive	B2	形容詞	/pɚˈsweɪsɪv/
pessimistic	B2	形容詞	/pɛsəˈmɪstɪk/
politeness	B1	名詞	/pəˈlaɪtnəs/
punctual	B2	形容詞	/ˈpʌŋktʃuəl/
refund	B1	名詞・動詞	/rɪˈfʌnd/
reluctance	B2	名詞	/rɪˈlʌktəns/
resemblance	B2	名詞	/rɪˈzɛmbləns/
resentment	B2	名詞	/rɪˈzɛntmənt/
reunion	B2	名詞	/riˈunjən/
scenery	B1	名詞	/ˈsinɚi/
self-esteem	B2	名詞	/sɛlf əˈstim/
sincerity	B2	名詞	/sɪnˈsɛrəti/
sociable	B2	形容詞	/ˈsoʊʃəbəl/
stubborn	B2	形容詞	/ˈstʌbɚn/
superiority	B2	名詞	/supɪriˈɔrɪti/
trustworthy	B2	形容詞	/ˈtrʌstwɝði/
warmth	B2	名詞	/wɔrmθ/
workload	B2	名詞	/ˈwɝkloʊd/
dependable	B2	形容詞	/dɪˈpɛndəbəl/
