ability	Her ability to explain difficult ideas clearly impressed the class.	難しい考えを明確に説明する彼女の能力は、クラスを感心させた。
able	After a few lessons, I was able to follow the conversation.	数回のレッスンの後、私は会話についていけるようになった。
abroad	Many students choose to study abroad for a semester.	多くの学生が一学期間、海外で学ぶことを選ぶ。
absolute	There is no absolute guarantee that the plan will succeed.	その計画が成功するという絶対的な保証はない。
absolutely	You are absolutely right about the need for more practice.	もっと練習が必要だという点で、あなたはまったく正しい。
accent	Her American accent became clearer after months of listening practice.	数か月のリスニング練習で、彼女のアメリカ英語のアクセントはより明瞭になった。
accept	Please accept our invitation to the opening ceremony.	開会式への私たちの招待を受けてください。
accident	No one was seriously injured in the accident.	その事故で重傷を負った人はいなかった。
accidentally	I accidentally sent the message to the wrong person.	私は誤ってそのメッセージを別の人に送ってしまった。
accommodate	The new hall can accommodate up to five hundred guests.	新しいホールは最大500人の客を収容できる。
accomplish	We need a realistic schedule to accomplish this goal.	この目標を達成するには現実的な予定が必要だ。
according to	According to the forecast, the rain will stop by noon.	予報によると、雨は正午までにやむそうだ。
accountant	The accountant checked every figure in the annual report.	会計士は年次報告書のすべての数字を確認した。
accuracy	Always check the accuracy of information before sharing it.	情報を共有する前に、必ずその正確さを確認しなさい。
accurately	The map accurately shows the distance between the two towns.	その地図は2つの町の距離を正確に示している。
acid	This cleaning product contains a mild acid.	この洗浄製品には弱い酸が含まれている。
act	We must act quickly before the situation gets worse.	状況が悪化する前に、私たちはすぐ行動しなければならない。
activate	Press this button to activate the security system.	このボタンを押して防犯システムを作動させてください。
active	Regular exercise helps older people remain active.	定期的な運動は高齢者が活動的でい続ける助けになる。
actual	The actual cost was much higher than our estimate.	実際の費用は私たちの見積もりよりずっと高かった。
actually	I thought the task was difficult, but it was actually quite simple.	その課題は難しいと思ったが、実際にはかなり簡単だった。
ad	The company placed an ad in the local newspaper.	その会社は地元の新聞に広告を載せた。
addiction	Phone addiction can affect both sleep and concentration.	スマートフォン依存は睡眠と集中力の両方に影響しうる。
addition	The addition of more windows made the room brighter.	窓を増設したことで、その部屋は明るくなった。
additionally	The hotel is close to the station; additionally, breakfast is included.	そのホテルは駅に近く、さらに朝食も含まれている。
address	The mayor will address the public this evening.	市長は今晩、市民に向けて演説する。
adequately	The report does not adequately explain the cause of the problem.	その報告書は問題の原因を十分に説明していない。
administration	The new administration promised to improve public transport.	新政権は公共交通を改善すると約束した。
adult	Every child must be accompanied by an adult.	子どもには必ず大人が付き添わなければならない。
adventure	Travelling alone across the country was a great adventure.	一人で国を横断した旅は大きな冒険だった。
advertisement	The advertisement made the product look better than it was.	その広告は製品を実物以上によく見せていた。
advertising	The company spends a large amount of money on online advertising.	その会社はオンライン広告に多額のお金を使っている。
advise	Doctors advise patients to get enough sleep.	医師は患者に十分な睡眠を取るよう勧めている。
affordable	The city needs more affordable housing for young families.	その市には若い家庭向けの、より手頃な住宅が必要だ。
after	We went for coffee after the meeting ended.	会議が終わった後、私たちはコーヒーを飲みに行った。
afterwards	We finished the project and celebrated together afterwards.	私たちはプロジェクトを終え、その後みんなで祝った。
against	Most residents voted against the proposed development.	住民の大半は提案された開発に反対票を投じた。
age	Some types of cheese improve as they age.	チーズの中には熟成するほど風味がよくなるものがある。
aged	The program provides meals for people aged sixty-five and over.	その制度は65歳以上の人に食事を提供する。
agent	You should speak to a travel agent before booking the tour.	ツアーを予約する前に旅行代理店の担当者に相談した方がよい。
agreement	After several hours of discussion, both sides reached an agreement.	数時間の話し合いの末、双方は合意に達した。
agriculture	Modern agriculture depends on careful management of water.	現代の農業は水の慎重な管理に依存している。
ah	Ah, now I understand what you meant.	ああ、今あなたの言いたかったことが分かりました。
aids	Better education has helped reduce the spread of AIDS.	より良い教育がエイズの拡大を抑える助けになっている。
aircraft	The aircraft landed safely despite the strong wind.	その航空機は強風にもかかわらず安全に着陸した。
airline	The airline cancelled three flights because of the storm.	その航空会社は嵐のため3便を欠航にした。
album	The band will release its new album next month.	そのバンドは来月、新しいアルバムを発売する。
alcohol	This medicine should not be taken with alcohol.	この薬はアルコールと一緒に服用してはいけない。
alcoholic	The restaurant offers several non-alcoholic drinks.	そのレストランはいくつかのノンアルコール飲料を提供している。
alien	The novel tells the story of an alien who visits Earth.	その小説は地球を訪れる異星人の物語だ。
alive	The missing climber was found alive the next morning.	行方不明の登山者は翌朝、生きて発見された。
all	All the information you need is on this page.	必要な情報はすべてこのページにある。
all right	Do not worry; everything will be all right.	心配しないで。すべて大丈夫になるよ。
allow	The new rules allow employees to work from home twice a week.	新しい規則では、従業員は週2回在宅勤務ができる。
almost	We have almost finished preparing for the event.	私たちはイベントの準備をほぼ終えた。
alone	She prefers to study alone in a quiet room.	彼女は静かな部屋で一人で勉強する方を好む。
along	We walked along the river until sunset.	私たちは日が沈むまで川沿いを歩いた。
alongside	A cycle path runs alongside the main road.	主要道路に沿って自転車道が走っている。
already	By the time I arrived, the film had already started.	私が着いた時には、映画はすでに始まっていた。
alter	A small change in temperature can alter the result.	わずかな温度変化でも結果を変えることがある。
although	Although the journey was long, the children did not complain.	旅は長かったが、子どもたちは不満を言わなかった。
altogether	There were altogether forty people at the workshop.	その研修会には全部で40人いた。
amazed	We were amazed by the view from the top of the mountain.	私たちは山頂からの景色に驚いた。
ambulance	An ambulance arrived within five minutes of the call.	通報から5分以内に救急車が到着した。
among	This restaurant is popular among local office workers.	このレストランは地元の会社員の間で人気がある。
amount	The amount of waste produced by the factory has fallen.	その工場が出す廃棄物の量は減少した。
amusing	He told an amusing story about his first day at work.	彼は仕事初日の面白い話をした。
analyse	Researchers will analyse the data before publishing their results.	研究者は結果を発表する前にデータを分析する。
analyst	A financial analyst explained why the market had changed.	金融アナリストが市場が変化した理由を説明した。
ancestor	One of her ancestors moved here more than a century ago.	彼女の祖先の一人は1世紀以上前にここへ移り住んだ。
anger	He found it difficult to control his anger during the argument.	彼は口論中に怒りを抑えるのが難しかった。
angle	Try looking at the problem from a different angle.	その問題を別の角度から見てみなさい。
animation	The studio is known for its beautiful hand-drawn animation.	その制作会社は美しい手描きアニメーションで知られている。
ankle	She injured her ankle while running down the hill.	彼女は丘を走り下りている時に足首を痛めた。
announcement	The unexpected announcement surprised everyone in the office.	突然の発表に職場のみんなが驚いた。
annoyed	I was annoyed that the train was delayed again.	電車がまた遅れたので私はいら立った。
annoying	The most annoying part was having to enter the same information twice.	最も面倒だったのは同じ情報を2回入力しなければならないことだった。
annually	The safety equipment is checked annually.	安全設備は毎年点検される。
anxiety	Preparing well can reduce anxiety before an interview.	十分に準備すると面接前の不安を減らせる。
any	Is there any reason to delay the decision?	決定を遅らせる理由は何かありますか。
any more	We do not use that old system any more.	私たちはもうその古いシステムを使っていない。
anybody	Does anybody know how to open this file?	このファイルの開き方を知っている人はいますか。
anyway	The weather looked bad, but we went hiking anyway.	天気は悪そうだったが、それでも私たちはハイキングに行った。
anywhere	You can sit anywhere in this section.	この区域ならどこに座ってもよい。
apart	The two villages are only five kilometres apart.	その2つの村はわずか5キロしか離れていない。
apology	The company issued an apology for the long delay.	その会社は長い遅延について謝罪した。
app	This app helps users keep track of their daily spending.	このアプリは利用者が毎日の支出を把握するのに役立つ。
appear	A warning message will appear if you enter the wrong password.	間違ったパスワードを入力すると警告メッセージが表示される。
applicant	Each applicant must provide two references.	応募者はそれぞれ2人の推薦者を示さなければならない。
apply	You can apply for the position online.	その職にはオンラインで応募できる。
appropriately	Please dress appropriately for the formal ceremony.	正式な式典にふさわしい服装をしてください。
approval	The project cannot begin without official approval.	その事業は正式な承認なしには開始できない。
architect	The architect designed the building to use natural light.	建築家は自然光を活用するようその建物を設計した。
architecture	The city is famous for its modern architecture.	その都市は近代建築で有名だ。
argue	Experts continue to argue about the best solution.	専門家は最善の解決策について議論を続けている。
armed	Two armed guards stood outside the entrance.	武装した警備員2人が入口の外に立っていた。
arms	The two countries agreed to reduce their nuclear arms.	両国は核兵器を削減することに合意した。
army	The army delivered food and water after the earthquake.	軍は地震後に食料と水を届けた。
arrival	Please call me immediately upon your arrival.	到着したらすぐに私に電話してください。
arrow	Follow the blue arrow to reach the main entrance.	正面入口へ行くには青い矢印に従ってください。
artistic	The neighbourhood is known for its artistic community.	その地区は芸術家の多いコミュニティーで知られている。
artwork	Local artwork is displayed throughout the hotel.	地元の芸術作品がホテルの至る所に展示されている。
as	She works as an editor for an international magazine.	彼女は国際的な雑誌の編集者として働いている。
aside	He put the report aside and answered the phone.	彼は報告書を脇に置いて電話に出た。
asleep	The baby was already asleep when we arrived home.	帰宅した時、赤ちゃんはすでに眠っていた。
assessment	A full assessment of the damage will take several days.	被害の全面的な評価には数日かかるだろう。
asset	Her ability to speak three languages is a valuable asset.	3言語を話せる能力は彼女の貴重な強みだ。
assign	The teacher will assign each group a different topic.	先生は各グループに別々の話題を割り当てる。
assistance	Please ask a member of staff if you need assistance.	手助けが必要なら職員に声をかけてください。
assistant	The research assistant organized the survey results.	研究助手は調査結果を整理した。
associated	Regular exercise is associated with better mental health.	定期的な運動はより良い心の健康と関連している。
assumption	The plan was based on the assumption that prices would remain stable.	その計画は価格が安定したままだという想定に基づいていた。
astonishing	The team made astonishing progress in just three months.	そのチームはわずか3か月で驚くべき進歩を遂げた。
athlete	The young athlete trains before school every morning.	その若い選手は毎朝、登校前に練習する。
attachment	I have included the schedule as an email attachment.	日程表をメールの添付ファイルとして入れました。
attack	The website went offline after a cyber attack.	そのウェブサイトはサイバー攻撃の後、停止した。
attention	Please pay close attention to the safety instructions.	安全上の指示に十分注意してください。
attraction	The historic castle is the town's main tourist attraction.	その歴史的な城は町の主要な観光名所だ。
auction	The painting was sold at auction for a record price.	その絵は競売で記録的な価格で売られた。
audio	The course includes audio material for listening practice.	その講座にはリスニング練習用の音声教材が含まれている。
author	The author answered questions after reading from her new novel.	著者は新作小説を朗読した後、質問に答えた。
automatic	The doors are automatic and open when you approach them.	そのドアは自動式で、近づくと開く。
awful	The weather was awful, so we cancelled the picnic.	天気がひどかったので、私たちはピクニックを中止した。
back	The shop has a small garden at the back.	その店の裏には小さな庭がある。
background	Her background in engineering helped her solve the problem.	工学の経歴が、彼女が問題を解決する助けになった。
backwards	He took two steps backwards to see the whole picture.	彼は絵全体を見るために2歩後ろへ下がった。
bacteria	Some bacteria are useful for making food such as yogurt.	細菌の中にはヨーグルトなどの食品作りに役立つものがある。
badge	Visitors must wear a badge inside the building.	訪問者は建物内でバッジを着けなければならない。
badly	The roof was badly damaged by the storm.	屋根は嵐でひどく損傷した。
bake	We decided to bake some bread for the neighbours.	私たちは近所の人たちにパンを焼くことにした。
balanced	A balanced diet should include a variety of foods.	バランスの取れた食事には多様な食品を含めるべきだ。
ballet	She has studied ballet since she was six years old.	彼女は6歳の時からバレエを習っている。
balloon	A red balloon floated above the crowd.	赤い風船が群衆の上に浮かんでいた。
bar	We met at a quiet bar near the station.	私たちは駅近くの静かなバーで会った。
barely	I could barely hear the speaker from the back of the hall.	ホールの後ろからは話し手の声がほとんど聞こえなかった。
base	The company will base its Asian operations in Osaka.	その会社はアジア事業の拠点を大阪に置く。
baseball	They play baseball in the park every Sunday.	彼らは毎週日曜日に公園で野球をする。
based	The film is based on a true story.	その映画は実話に基づいている。
basement	We store old furniture in the basement.	私たちは古い家具を地下室に保管している。
basic	The course teaches basic computer skills.	その講座はコンピューターの基本技能を教える。
basically	The two proposals are basically the same.	その2つの提案は基本的に同じだ。
basket	She carried the vegetables home in a basket.	彼女は野菜をかごに入れて家へ運んだ。
basketball	My brother joined the school basketball team.	弟は学校のバスケットボール部に入った。
bat	A bat flew out of the cave at sunset.	日没時にコウモリが洞窟から飛び出した。
battery	The phone battery should last for two days.	その電話の電池は2日間もつはずだ。
bean	Add each bean to the soup after soaking it overnight.	一晩水につけた豆をスープに加えてください。
beat	Our team hopes to beat last year's champions.	私たちのチームは昨年の優勝チームに勝ちたいと思っている。
beauty	Visitors come to admire the natural beauty of the island.	訪問者はその島の自然の美しさを楽しみに来る。
bee	A bee landed on the yellow flower.	一匹のミツバチが黄色い花に止まった。
beef	The restaurant buys its beef from local farms.	そのレストランは地元の農場から牛肉を仕入れている。
before	Please read the instructions before you begin.	始める前に説明を読んでください。
beg	The charity had to beg for additional support.	その慈善団体は追加支援を懇願しなければならなかった。
behaviour	The teacher praised the students for their responsible behaviour.	先生は生徒たちの責任ある行動を褒めた。
being	Every human being needs clean water and a safe place to live.	すべての人間には清潔な水と安全に暮らせる場所が必要だ。
bell	The church bell rang at noon.	教会の鐘が正午に鳴った。
belt	Remember to fasten your seat belt before takeoff.	離陸前にシートベルトを締めるのを忘れないでください。
bend	Bend your knees slightly when you lift the box.	箱を持ち上げる時は膝を少し曲げなさい。
beneficial	Daily reading is beneficial for vocabulary development.	毎日の読書は語彙力の向上に役立つ。
bent	The metal frame was bent in the accident.	金属製の枠は事故で曲がった。
beside	A small table stood beside the bed.	ベッドの横に小さなテーブルがあった。
best	This is the best solution we have found so far.	これはこれまでに見つけた最善の解決策だ。
bet	I bet the train will be crowded this evening.	今晩の電車は混むと思うよ。
better	The new software works much better than the old version.	新しいソフトウェアは旧版よりずっとうまく動く。
between	The agreement was signed between the two organizations.	その協定は2つの組織の間で結ばれた。
beyond	The path continues beyond the bridge.	その道は橋の向こうまで続いている。
bias	Good researchers try to recognize and reduce bias.	優れた研究者は偏りを認識し減らそうとする。
bid	Three companies made a bid for the construction contract.	3社がその建設契約に入札した。
bin	Please put empty bottles in the recycling bin.	空の瓶はリサイクル用の箱に入れてください。
biological	The study examines biological differences between the species.	その研究は種の間の生物学的な違いを調べている。
birth	The hospital recorded more than two thousand births last year.	その病院では昨年2,000件を超える出産が記録された。
biscuit	She offered each guest a biscuit with tea.	彼女は客一人ひとりに紅茶とビスケットを出した。
bit	Could you move the chair a bit closer?	椅子をもう少し近くへ動かしてもらえますか。
bitter	The medicine has a bitter taste.	その薬は苦い味がする。
blank	Leave this section blank if it does not apply to you.	自分に当てはまらなければ、この欄は空白にしてください。
blanket	We took an extra blanket because the night was cold.	夜が寒かったので、私たちは毛布をもう1枚持っていった。
blind	The organization provides guide dogs for blind people.	その団体は目の不自由な人に盲導犬を提供している。
block	A fallen tree continued to block the road.	倒れた木が道路をふさぎ続けていた。
blood	Donating blood can help save lives.	献血は命を救う助けになる。
blow	Strong winds can blow sand across the road.	強風で砂が道路を横切って飛ぶことがある。
board	The board will review the proposal next week.	理事会は来週その提案を検討する。
boil	Boil the water for at least one minute before drinking it.	飲む前に水を少なくとも1分間沸騰させてください。
bold	It was a bold decision to launch the product overseas first.	その製品をまず海外で発売するのは大胆な決定だった。
bomb	Police safely removed the unexploded bomb.	警察は不発弾を安全に撤去した。
bombing	The museum exhibition describes the effects of the bombing.	その博物館の展示は爆撃の影響を説明している。
bone	The doctor confirmed that no bone was broken.	医師は骨が折れていないことを確認した。
book	You should book your seat several weeks in advance.	数週間前に席を予約した方がよい。
booking	I received an email confirming my hotel booking.	ホテルの予約を確認するメールを受け取った。
borrow	Can I borrow your dictionary until tomorrow?	明日まであなたの辞書を借りてもいいですか。
boss	My boss encouraged me to apply for the position.	上司は私にその職へ応募するよう勧めた。
bottom	Your name should appear at the bottom of the form.	氏名は用紙の下部に記載してください。
bound	The train is bound for the airport.	その電車は空港行きだ。
bowl	She ordered a bowl of vegetable soup.	彼女は野菜スープを一杯注文した。
brain	Sleep gives the brain time to process new information.	睡眠は脳に新しい情報を処理する時間を与える。
branch	The bank plans to open a new branch near the university.	その銀行は大学の近くに新しい支店を開く予定だ。
brave	The brave firefighter entered the burning building.	勇敢な消防士は燃えている建物に入った。
breast	Early tests can help detect breast cancer.	早期検査は乳がんの発見に役立つ。
breathing	Slow breathing can help you feel calmer.	ゆっくりした呼吸は気持ちを落ち着かせる助けになる。
brick	The old school was built of red brick.	その古い学校は赤れんがで建てられていた。
bride	The bride thanked everyone for coming to the wedding.	花嫁は結婚式に来てくれた全員に感謝した。
bridge	The new bridge has reduced travel time between the towns.	新しい橋によって町どうしの移動時間が短くなった。
briefly	The chairperson briefly explained the purpose of the meeting.	議長は会議の目的を手短に説明した。
bright	The room felt bright and welcoming after it was painted.	塗装後、その部屋は明るく居心地よく感じられた。
brilliant	She suggested a brilliant solution to the design problem.	彼女は設計上の問題に見事な解決策を提案した。
broadcaster	The public broadcaster will show the debate live.	公共放送局は討論会を生中継する。
broadly	The new policy has been broadly welcomed by teachers.	新しい方針は教師たちに広く歓迎されている。
broken	Take care because the broken glass is still on the floor.	割れたガラスがまだ床にあるので気をつけて。
brush	Use a soft brush to clean the surface.	表面を掃除するには柔らかいブラシを使ってください。
bubble	A large bubble rose to the surface of the water.	大きな泡が水面に浮かび上がった。
bug	The developers fixed a bug that caused the app to crash.	開発者はアプリを停止させていた不具合を修正した。
bullet	Police found a bullet near the damaged vehicle.	警察は損傷した車両の近くで弾丸を見つけた。
bunch	She brought a bunch of flowers to the hospital.	彼女は病院に花束を持ってきた。
burn	Dry leaves burn very quickly in hot weather.	乾いた葉は暑い天気では非常に速く燃える。
bush	A small bird was hiding in the bush.	小鳥が茂みの中に隠れていた。
businessman	The local businessman invested in several community projects.	地元の実業家はいくつかの地域事業に投資した。
but	The apartment is small but comfortable.	そのアパートは小さいが快適だ。
button	Press the green button to save your changes.	変更を保存するには緑のボタンを押してください。
by	The report must be completed by Friday.	報告書は金曜日までに完成させなければならない。
cabin	We stayed in a wooden cabin beside the lake.	私たちは湖畔の木造小屋に泊まった。
cable	A damaged cable caused the internet connection to fail.	損傷したケーブルのせいでインターネット接続が切れた。
calm	She remained calm throughout the emergency.	彼女は緊急事態の間ずっと冷静だった。
camp	We set up camp before it became dark.	暗くなる前に私たちは野営地を設けた。
camping	The family goes camping beside the lake every summer.	その家族は毎夏、湖畔へキャンプに行く。
campus	Smoking is not allowed anywhere on campus.	キャンパス内ではどこでも喫煙が禁止されている。
can	This machine can translate short messages automatically.	この機械は短いメッセージを自動で翻訳できる。
canal	A narrow canal connects the river with the harbour.	細い運河が川と港を結んでいる。
cancer	Early diagnosis can improve the treatment of cancer.	早期診断はがん治療の改善につながりうる。
candle	She lit a candle when the electricity went off.	停電した時、彼女はろうそくに火をつけた。
cap	He wore a blue cap to protect his face from the sun.	彼は日差しから顔を守るため青い帽子をかぶった。
captain	The captain asked the passengers to remain seated.	機長は乗客に座ったままでいるよう求めた。
carbon	The new design produces less carbon during manufacture.	新しい設計では製造時に出る炭素が少ない。
care	Good teachers care about the progress of every student.	よい教師は生徒一人ひとりの成長を気にかける。
careful	Be careful when crossing this busy road.	この交通量の多い道路を渡る時は気をつけて。
carefully	She carefully compared the two contracts before signing.	彼女は署名する前に2つの契約書を慎重に比較した。
carpet	A thick carpet made the room feel warmer.	厚いじゅうたんのおかげで部屋がより暖かく感じられた。
cartoon	The newspaper published a cartoon about the election.	その新聞は選挙についての風刺漫画を掲載した。
case	This case shows why clear safety rules are necessary.	この事例は明確な安全規則が必要な理由を示している。
cash	This small shop accepts cash only.	この小さな店は現金しか受け付けない。
cast	The director chose a young actor to join the cast.	監督は出演者に加える若い俳優を選んだ。
castle	Thousands of visitors explore the castle each year.	毎年何千人もの観光客がその城を見学する。
casual	The office allows casual clothes on Fridays.	その職場では金曜日に普段着が認められている。
catch	We left early to catch the first train.	私たちは始発電車に乗るため早く出発した。
cave	The explorers found ancient paintings inside the cave.	探検家たちは洞窟の中で古代の絵を発見した。
ceiling	A lamp hung from the centre of the ceiling.	照明が天井の中央から下がっていた。
celebrate	The team gathered to celebrate its tenth anniversary.	チームは創立10周年を祝うため集まった。
celebration	The victory led to a joyful celebration in the streets.	勝利によって通りでは喜びに満ちた祝賀が行われた。
celebrity	A local celebrity opened the charity event.	地元の有名人が慈善イベントの開会を務めた。
central	Trust is central to a successful working relationship.	信頼は良好な仕事上の関係に不可欠だ。
centre	The program will centre on practical communication skills.	その講座は実用的なコミュニケーション技能を中心にする。
certain	I am certain that we locked the door before leaving.	出かける前にドアに鍵をかけたと確信している。
certainly	This experience will certainly help you in the future.	この経験は将来きっとあなたの役に立つ。
certainty	We cannot predict the result with complete certainty.	私たちは完全な確信をもって結果を予測することはできない。
certificate	You will receive a certificate after completing the course.	講座を修了すると証明書を受け取れる。
chair	A senior judge will chair the discussion.	上級判事が討論の議長を務める。
chairman	The chairman called the meeting to order at nine.	議長は9時に会議の開始を告げた。
challenging	Learning to negotiate in another language can be challenging.	別の言語で交渉を学ぶのは難しいことがある。
champion	The defending champion won the race by two seconds.	前回の優勝者は2秒差でレースに勝った。
championship	Our school reached the national championship for the first time.	私たちの学校は初めて全国選手権に進出した。
chance	This internship gives students a chance to gain experience.	この実習は学生に経験を積む機会を与える。
channel	Please change the channel if you want to watch the news.	ニュースを見たいならチャンネルを変えてください。
chapter	The final chapter explains how the problem was solved.	最終章では問題がどのように解決されたかを説明している。
character	The main character faces a difficult moral choice.	主人公は難しい道徳上の選択に直面する。
charming	We stayed in a charming village near the coast.	私たちは海岸近くの魅力的な村に滞在した。
chart	The chart compares energy use in five countries.	その図表は5か国のエネルギー使用量を比較している。
chat	We had a quick chat before the lecture began.	講義が始まる前に私たちは少し話をした。
cheap	The ticket was cheap because I booked it early.	早く予約したので切符は安かった。
check	Please check that all the windows are closed.	すべての窓が閉まっているか確認してください。
cheek	The cold wind made her cheek turn red.	冷たい風で彼女の頬が赤くなった。
cheer	The crowd began to cheer when the players appeared.	選手が姿を見せると観客は歓声を上げ始めた。
cheerful	Her cheerful voice made everyone feel more relaxed.	彼女の明るい声でみんながよりくつろいだ気分になった。
chef	The chef uses vegetables grown on a nearby farm.	その料理人は近くの農場で育てられた野菜を使う。
chemistry	She decided to study chemistry at university.	彼女は大学で化学を学ぶことにした。
chest	The doctor listened to the patient's chest.	医師は患者の胸の音を聴いた。
chief	The chief engineer approved the final design.	主任技師が最終設計を承認した。
childhood	That song reminds me of my childhood.	その歌を聞くと子ども時代を思い出す。
chip	A small chip in the glass made it unsafe to use.	ガラスの小さな欠けのため、それは安全に使えなくなった。
choice	Customers have a choice between three payment methods.	客は3つの支払い方法から選べる。
choir	The school choir performed at the winter festival.	学校の合唱団が冬祭りで演奏した。
chop	Chop the onions into small pieces before adding them.	加える前に玉ねぎを細かく切ってください。
church	The old church stands at the centre of the village.	古い教会が村の中心に建っている。
cigarette	He put out his final cigarette and decided to quit.	彼は最後のたばこを消し、禁煙を決意した。
circle	Draw a circle around the correct answer.	正解の周りに円を描いてください。
circuit	The runners completed three laps of the circuit.	走者たちはコースを3周した。
civilization	Writing played an important role in the development of civilization.	文字は文明の発展で重要な役割を果たした。
clarify	Could you clarify what you mean by this sentence?	この文で何を意味しているのか明確にしてもらえますか。
classic	The novel has become a classic of modern literature.	その小説は現代文学の名作となった。
classical	She often listens to classical music while working.	彼女は仕事中によくクラシック音楽を聴く。
clause	The contract includes a clause about early cancellation.	その契約書には早期解約についての条項がある。
clear	The guide gave clear instructions before the tour.	案内人はツアー前に明確な指示を出した。
clearly	Please speak clearly so that everyone can understand.	全員が理解できるようにはっきり話してください。
clerk	The hotel clerk helped us change our reservation.	ホテルの係員が予約変更を手伝ってくれた。
clever	She found a clever way to reuse the old materials.	彼女は古い材料を再利用する賢い方法を見つけた。
click	Click the link to open the full report.	リンクをクリックして報告書全体を開いてください。
cliff	A narrow path follows the top of the cliff.	細い道が崖の上に沿って続いている。
climb	It took us four hours to climb the mountain.	その山を登るのに4時間かかった。
clinic	The new clinic provides free health checks.	新しい診療所は無料の健康診断を提供する。
clip	Use this clip to keep the papers together.	書類をまとめるためにこのクリップを使ってください。
close	Please close the gate when you leave.	出る時に門を閉めてください。
closed	The road remained closed after the heavy snow.	大雪の後、その道路は閉鎖されたままだった。
closely	The two organizations work closely on environmental projects.	その2つの団体は環境事業で緊密に協力している。
cloth	Wipe the screen gently with a soft cloth.	柔らかい布で画面を優しく拭いてください。
clothing	Warm clothing is essential in this climate.	この気候では暖かい衣類が不可欠だ。
cloud	A dark cloud appeared above the mountains.	山々の上に暗い雲が現れた。
clue	The photograph provided an important clue to the mystery.	その写真は謎を解く重要な手がかりとなった。
coach	The coach encouraged the players during the break.	コーチは休憩中に選手たちを励ました。
coal	The country plans to reduce its dependence on coal.	その国は石炭への依存を減らす予定だ。
coast	We followed the coast north for nearly a week.	私たちはほぼ1週間、海岸沿いを北へ進んだ。
code	Enter the security code shown on your phone.	電話に表示されたセキュリティーコードを入力してください。
coin	I found an old coin while digging in the garden.	庭を掘っている時に古い硬貨を見つけた。
coincidence	It was a coincidence that we chose the same flight.	私たちが同じ便を選んだのは偶然だった。
collect	Volunteers collect food for local families each month.	ボランティアは毎月、地元の家庭のために食料を集める。
collection	The museum has a large collection of early photographs.	その博物館には初期の写真の大規模な収蔵品がある。
collector	A private collector bought the rare painting.	個人の収集家がその珍しい絵を購入した。
colony	The island was once a European colony.	その島はかつてヨーロッパの植民地だった。
coloured	The children decorated the wall with coloured paper.	子どもたちは色紙で壁を飾った。
colourful	The market is filled with colourful fruit and flowers.	市場には色鮮やかな果物や花が並んでいる。
column	Write the total in the final column of the table.	合計を表の最後の列に書いてください。
comedy	We watched a comedy that made everyone laugh.	私たちはみんなが笑う喜劇を見た。
comfort	Her kind words gave me comfort during a difficult week.	つらい一週間に彼女の優しい言葉が慰めをくれた。
comfortable	These shoes are comfortable enough for a long walk.	この靴は長く歩いても十分に快適だ。
comic	The play combines a serious subject with comic moments.	その劇は深刻な題材に滑稽な場面を組み合わせている。
command	The officer gave a command to leave the area.	その士官は区域から離れるよう命令した。
commander	The commander explained the plan to the entire unit.	指揮官は部隊全体に計画を説明した。
commission	An independent commission will investigate the incident.	独立委員会がその出来事を調査する。
commonly	This expression is commonly used in informal conversation.	この表現はくだけた会話で一般によく使われる。
communication	Good communication prevents many workplace problems.	よい意思疎通は職場の多くの問題を防ぐ。
comparative	The study provides comparative data from six regions.	その研究は6地域の比較データを示している。
competitor	The company lowered its prices after a new competitor entered the market.	新たな競争相手が市場に参入した後、その会社は価格を下げた。
complain	Several residents complain about noise from the road.	数人の住民が道路の騒音について不満を訴えている。
completely	The new evidence completely changed our understanding of the event.	新しい証拠でその出来事に対する理解が完全に変わった。
completion	Payment is due upon completion of the work.	支払いは作業完了時に行われる。
composer	The composer wrote the music for several successful films.	その作曲家はいくつかの人気映画の音楽を書いた。
compound	Water is a compound of hydrogen and oxygen.	水は水素と酸素の化合物だ。
comprehensive	The website offers a comprehensive guide to local services.	そのウェブサイトは地域サービスの包括的な案内を提供している。
comprise	The course will comprise twelve short online lessons.	その講座は12の短いオンライン授業で構成される。
compulsory	Safety training is compulsory for all new employees.	安全研修はすべての新入社員に義務付けられている。
concentration	Background noise can reduce your concentration.	周囲の騒音は集中力を低下させることがある。
concerned	Parents are concerned about the lack of safe play areas.	保護者は安全な遊び場の不足を心配している。
confess	He decided to confess that he had made the mistake.	彼は自分が間違えたことを告白する決心をした。
confused	I felt confused by the different sets of instructions.	異なる指示がいくつもあり、私は混乱した。
confusing	The ticket machine is confusing for first-time users.	その券売機は初めての利用者には分かりにくい。
confusion	A change in the schedule caused considerable confusion.	日程変更がかなりの混乱を引き起こした。
connected	The two buildings are connected by an underground passage.	その2つの建物は地下通路でつながっている。
consequently	Demand fell sharply, and consequently the factory reduced production.	需要が急減し、その結果、工場は生産を減らした。
conservation	The project supports the conservation of coastal wildlife.	その事業は沿岸の野生生物の保護を支援する。
considerably	The journey is considerably shorter by train.	その旅は電車ならかなり短い。
consideration	Cost is an important consideration when choosing a course.	講座を選ぶ時、費用は重要な検討事項だ。
consistent	The witness gave a consistent account of what happened.	目撃者は起きたことについて一貫した説明をした。
consistently	The restaurant consistently provides excellent service.	そのレストランは一貫して優れたサービスを提供している。
conspiracy	Police found no evidence of a conspiracy.	警察は陰謀の証拠を見つけられなかった。
consultant	The company hired a consultant to improve its training program.	会社は研修制度を改善するためコンサルタントを雇った。
consumption	Household energy consumption fell during the summer.	家庭のエネルギー消費量は夏の間に減少した。
continent	Africa is the second-largest continent.	アフリカは2番目に大きい大陸だ。
continue	We will continue the discussion after lunch.	昼食後に話し合いを続ける。
continuous	The machine can operate for eight hours of continuous use.	その機械は8時間連続して運転できる。
control	Drivers must keep control of their vehicles at all times.	運転者は常に車両を制御していなければならない。
controversial	The decision to close the library was highly controversial.	図書館を閉鎖する決定は大きな議論を呼んだ。
controversy	The new law caused controversy across the country.	新法は国中で論争を引き起こした。
convenience	Online booking offers convenience to busy travellers.	オンライン予約は忙しい旅行者に便利さを提供する。
convention	More than a thousand delegates attended the annual convention.	千人を超える代表者が年次大会に出席した。
convey	His expression did not convey how worried he felt.	彼の表情からは、どれほど心配しているか伝わらなかった。
convinced	I am convinced that the new approach will work.	私は新しい方法がうまくいくと確信している。
convincing	She gave a convincing explanation for the unexpected result.	彼女は予想外の結果について説得力のある説明をした。
cook	My grandfather taught me how to cook this dish.	祖父がこの料理の作り方を教えてくれた。
cooker	Turn off the cooker before you leave the kitchen.	台所を離れる前に調理器具の電源を切ってください。
cool	Allow the bread to cool before cutting it.	パンは切る前に冷ましてください。
copy	Please keep a copy of the signed agreement.	署名済みの契約書の写しを保管してください。
corner	A small café stands on the corner of the street.	通りの角に小さなカフェがある。
corporation	The corporation employs more than ten thousand people worldwide.	その企業は世界で1万人以上を雇用している。
correctly	Only half the students answered the question correctly.	その質問に正しく答えた生徒は半数だけだった。
costume	Each dancer wore a traditional costume.	踊り手はそれぞれ伝統衣装を着ていた。
cottage	They rented a cottage in the countryside for the weekend.	彼らは週末に田舎の小さな家を借りた。
cotton	This shirt is made from organic cotton.	このシャツは有機栽培の綿でできている。
counter	Please pay for your drinks at the counter.	飲み物の代金はカウンターで支払ってください。
countryside	Many people visit the countryside to escape city noise.	多くの人が都会の騒音を離れて田園地帯を訪れる。
county	The service is available throughout the county.	そのサービスは郡全域で利用できる。
couple	A young couple moved into the apartment upstairs.	若い夫婦が上の階の部屋に引っ越してきた。
court	The case will return to court next month.	その事件は来月再び法廷で審理される。
cover	This insurance will cover the cost of emergency treatment.	この保険は緊急治療の費用を補償する。
coverage	The event received extensive media coverage.	その出来事はメディアで広く報道された。
covered	The mountain remained covered in snow until May.	その山は5月まで雪に覆われたままだった。
crack	A small crack appeared in the wall after the earthquake.	地震後、壁に小さなひびが入った。
craft	Learning a traditional craft takes patience and practice.	伝統工芸を学ぶには忍耐と練習が必要だ。
crazy	It would be crazy to drive in weather like this.	こんな天候で運転するのは無謀だろう。
cream	Would you like cream in your coffee?	コーヒーにクリームを入れますか。
creation	The creation of the national park protected the forest.	国立公園の設立によって森林が守られた。
creativity	The task encourages children to use their creativity.	その課題は子どもたちが創造力を使うよう促す。
creature	Scientists discovered a tiny sea creature near the island.	科学者たちは島の近くで小さな海洋生物を発見した。
critically	Two passengers were critically injured in the crash.	衝突事故で乗客2人が重傷を負った。
cross	Use the pedestrian bridge to cross the busy road.	交通量の多い道路を渡るには歩道橋を使ってください。
crowd	A large crowd gathered outside the theatre.	劇場の外に大勢の人が集まった。
crowded	The beach becomes crowded during the summer holidays.	その浜辺は夏休み中に混雑する。
cruise	They took a cruise around the islands.	彼らは島々を巡るクルーズ旅行をした。
cry	The child began to cry when she lost sight of her mother.	母親が見えなくなると、その子は泣き始めた。
cue	The lights going down were our cue to begin.	照明が暗くなることが私たちの開始の合図だった。
cupboard	The plates are in the cupboard above the sink.	皿は流しの上の戸棚にある。
curly	The little boy has thick curly hair.	その小さな男の子は太くて巻いた髪をしている。
curtain	She opened the curtain to let in the morning light.	彼女は朝の光を入れるためカーテンを開けた。
curve	The road follows a sharp curve beyond the village.	道路は村の先で急な曲線を描いている。
curved	The building has a distinctive curved roof.	その建物には特徴的な湾曲した屋根がある。
cut	Use a sharp knife to cut the bread evenly.	よく切れるナイフでパンを均等に切ってください。
cute	The child drew a cute picture of her dog.	その子は自分の犬のかわいい絵を描いた。
cycle	More people now cycle to work in the city.	今ではその都市で自転車通勤する人が増えている。
daily	A short daily review helps new vocabulary remain in memory.	短い毎日の復習は新しい語彙を記憶に残す助けになる。
dairy	The farm produces dairy products such as milk and cheese.	その農場は牛乳やチーズなどの乳製品を生産している。
danger	The warning sign alerts walkers to the danger of falling rocks.	警告標識は落石の危険を歩行者に知らせている。
dare	Few people dare to swim in the river during winter.	冬にその川で泳ごうとする人はほとんどいない。
dark	It was already dark when the hikers returned.	登山者が戻った時にはすでに暗かった。
darkness	The village disappeared into darkness during the power cut.	停電中、村は暗闇に包まれた。
data	The research team collected data from over a thousand participants.	研究チームは千人を超える参加者からデータを集めた。
database	All customer records are stored in a secure database.	すべての顧客記録は安全なデータベースに保存されている。
date	The letter does not date from the period we expected.	その手紙は私たちが予想した時代のものではない。
dead	The battery was dead, so the car would not start.	バッテリーが切れていたので車は動かなかった。
deadly	The vaccine protects against a deadly disease.	そのワクチンは命に関わる病気を予防する。
deal	The two companies reached a deal after weeks of negotiation.	2社は数週間の交渉後に合意に達した。
dealer	We bought the used car from a trusted dealer.	私たちは信頼できる販売業者から中古車を買った。
dear	Dear Ms Tanaka, thank you for your recent message.	田中様、先日のメッセージをありがとうございました。
death	The report examines the leading causes of death.	その報告書は主な死因を調べている。
decent	We found a decent hotel at a reasonable price.	私たちは妥当な価格のまずまずのホテルを見つけた。
decision	The committee will announce its final decision tomorrow.	委員会は明日、最終決定を発表する。
deck	Passengers gathered on the upper deck to watch the sunset.	乗客は夕日を見るため上甲板に集まった。
decoration	The handmade decoration was placed above the entrance.	手作りの飾りが入口の上に置かれた。
deep	The lake is too deep to cross safely.	その湖は深すぎて安全に渡れない。
deeply	The community was deeply affected by the factory closure.	地域社会は工場閉鎖から深い影響を受けた。
defence	The lawyer prepared a strong defence for her client.	弁護士は依頼人のために強力な弁護を準備した。
defender	The defender blocked the final shot of the match.	守備選手は試合最後のシュートを防いだ。
definite	We need a definite answer by the end of the week.	週末までに明確な返事が必要だ。
delete	You can delete old files to free some storage space.	古いファイルを削除すると保存容量を空けられる。
deliberate	The change was a deliberate attempt to simplify the process.	その変更は手続きを簡単にするための意図的な試みだった。
delighted	We were delighted to hear that the project had been approved.	その事業が承認されたと聞いて私たちは大いに喜んだ。
democracy	Free elections are an essential part of democracy.	自由な選挙は民主主義に不可欠な部分だ。
democratic	Members selected their leader through a democratic vote.	会員は民主的な投票で指導者を選んだ。
demonstration	The students watched a demonstration of the new equipment.	学生たちは新しい装置の実演を見た。
dentist	My dentist recommended using a softer toothbrush.	歯科医はもっと柔らかい歯ブラシを使うよう勧めた。
depart	The final train will depart from platform four.	最終列車は4番線から出発する。
dependent	The village is heavily dependent on tourism.	その村は観光に大きく依存している。
depressing	The report presents a depressing picture of ocean pollution.	その報告書は海洋汚染の憂うつな状況を示している。
depression	She sought professional help for her depression.	彼女はうつ状態について専門家の助けを求めた。
derive	Many English words derive from Latin or Greek.	多くの英単語はラテン語やギリシャ語に由来する。
desert	The explorers crossed the desert with a local guide.	探検隊は地元の案内人と砂漠を横断した。
designer	The designer created a simple but elegant logo.	デザイナーは簡潔で上品なロゴを作った。
desperately	The rescue team searched desperately for the missing child.	救助隊は行方不明の子どもを必死に捜した。
detailed	The guide gave us a detailed map of the old town.	案内人は旧市街の詳しい地図をくれた。
detective	The detective examined the room for evidence.	刑事は証拠を求めて部屋を調べた。
determination	Her determination helped her finish the difficult course.	彼女の決意が難しい課程を修了する支えになった。
diagram	This diagram shows how the parts fit together.	この図は部品がどう組み合わさるかを示している。
diamond	The ring contains a small diamond.	その指輪には小さなダイヤモンドが付いている。
diary	I write a few lines in my diary every night.	私は毎晩、日記に数行書く。
differently	People may respond differently to the same medicine.	同じ薬でも人によって反応が異なることがある。
difficulty	Please contact us if you have difficulty using the website.	ウェブサイトの利用が難しい場合はご連絡ください。
dig	Workers had to dig a deep hole for the new pipe.	作業員は新しい管のため深い穴を掘らなければならなかった。
direction	The birds flew away in a northern direction.	鳥たちは北の方向へ飛び去った。
directly	Please send the completed form directly to our office.	記入済みの用紙を当事務所へ直接送ってください。
director	The director approved an increase in the training budget.	取締役は研修予算の増額を承認した。
dirt	Wash the vegetables carefully to remove any dirt.	土を落とすため野菜を丁寧に洗ってください。
disability	The building is accessible to people with a disability.	その建物は障害のある人も利用できる。
disabled	The theatre reserves several seats for disabled visitors.	その劇場は障害のある来場者用に数席を確保している。
disagreement	A disagreement about costs delayed the project.	費用についての意見の相違が事業を遅らせた。
disappointed	We were disappointed by the quality of the service.	私たちはサービスの質に失望した。
disappointing	Ticket sales were disappointing despite the good reviews.	よい評価にもかかわらず、券の売れ行きは期待外れだった。
disappointment	Missing the final was a major disappointment for the team.	決勝を逃したことはチームにとって大きな失望だった。
disc	The documentary is available on disc and online.	そのドキュメンタリーはディスクとオンラインで入手できる。
discourage	High fees may discourage students from applying.	高い料金は学生の応募を思いとどまらせるかもしれない。
discover	Visitors can discover local history at the museum.	来館者は博物館で地域の歴史を知ることができる。
discussion	The proposal led to a lively discussion.	その提案は活発な議論につながった。
dishonest	It was dishonest of him to hide the extra charge.	追加料金を隠した彼の行為は不正直だった。
disk	Save a backup copy on an external disk.	外付けディスクに予備のコピーを保存してください。
dislike	Many people dislike being interrupted while working.	多くの人は仕事中に邪魔されるのを嫌う。
disorder	The treatment helps people with a sleep disorder.	その治療は睡眠障害のある人を助ける。
distinct	The region has four distinct seasons.	その地域にははっきり異なる四季がある。
distribution	The charity manages the distribution of food supplies.	その慈善団体は食料の配布を管理している。
dive	We watched a seabird dive into the water.	私たちは海鳥が水へ飛び込むのを見た。
diverse	The city has a diverse population.	その都市には多様な人々が暮らしている。
diversity	Cultural diversity can bring new ideas to a workplace.	文化的多様性は職場に新しい考えをもたらしうる。
divorce	The couple decided to divorce after years of conflict.	その夫婦は長年の対立の末に離婚を決めた。
divorced	He remained friendly with his divorced partner.	彼は離婚した元配偶者と友好的な関係を保った。
documentary	The documentary explores life in the deep ocean.	そのドキュメンタリーは深海の生物を取り上げている。
dominant	Online sales have become the dominant part of the business.	オンライン販売が事業の中心的な部分になった。
donation	A generous donation allowed the library to buy new books.	多額の寄付で図書館は新しい本を購入できた。
dot	Mark each city with a red dot on the map.	地図上の各都市に赤い点を付けてください。
download	You can download the full report for free.	報告書全体を無料でダウンロードできる。
downstairs	The meeting room is downstairs beside the entrance.	会議室は階下の入口脇にある。
downtown	A new public park opened downtown last month.	先月、中心街に新しい公園が開園した。
downwards	The path slopes downwards towards the river.	小道は川に向かって下り坂になっている。
dozen	We ordered a dozen chairs for the new office.	新しい事務所用に椅子を12脚注文した。
draft	Please send me the first draft by Wednesday.	水曜日までに最初の草稿を送ってください。
drama	The school drama deals with the pressure of exams.	その学校劇は試験の重圧を扱っている。
dramatically	Housing costs have risen dramatically in recent years.	住宅費は近年劇的に上昇した。
drawing	The architect showed us a drawing of the new entrance.	建築家は新しい入口の図面を見せてくれた。
dream	Her dream is to open a small restaurant.	彼女の夢は小さなレストランを開くことだ。
dressed	Everyone was dressed in formal clothes for the ceremony.	式典では全員が正装していた。
drive	It takes about an hour to drive to the coast.	海岸まで車で約1時間かかる。
driving	Driving in heavy snow requires extra care.	大雪の中での運転には特別な注意が必要だ。
drug	The new drug reduced the patient's pain.	新薬は患者の痛みを和らげた。
drum	A steady drum kept the dancers in time.	一定の太鼓の音が踊り手のリズムを保った。
drunk	The police stopped a drunk driver near the bridge.	警察は橋の近くで飲酒運転者を止めた。
dry	Leave the paint to dry overnight.	塗料を一晩乾かしてください。
duration	The exact duration of the course depends on your level.	講座の正確な期間はレベルによって異なる。
dust	A layer of dust covered the unused desk.	使われていない机はほこりに覆われていた。
dynamic	She is a dynamic leader who welcomes new ideas.	彼女は新しい考えを歓迎する活力ある指導者だ。
earth	The satellite sends images of Earth back to scientists.	その衛星は地球の画像を科学者へ送る。
easily	The instructions can be easily understood by beginners.	その説明は初心者にも簡単に理解できる。
eastern	Heavy rain is expected in the eastern region.	東部地域では大雨が予想されている。
economics	He studied economics before working for a bank.	彼は銀行で働く前に経済学を学んだ。
economist	The economist warned that prices might continue to rise.	経済学者は物価が上がり続ける可能性を警告した。
editor	The editor asked the writer to shorten the article.	編集者は書き手に記事を短くするよう求めた。
editorial	The newspaper published an editorial on climate policy.	その新聞は気候政策についての社説を掲載した。
educated	She is an educated reader with a wide range of interests.	彼女は幅広い関心を持つ教養ある読者だ。
education	Every child should have access to quality education.	すべての子どもが質の高い教育を受けられるべきだ。
educational	The museum offers educational programs for schools.	その博物館は学校向けの教育プログラムを提供している。
effect	The new timetable had little effect on delays.	新しい時刻表は遅延にほとんど効果がなかった。
effectively	The two departments now work together more effectively.	2つの部署は今ではより効果的に協力している。
efficiently	The new system processes orders more efficiently.	新しいシステムは注文をより効率よく処理する。
either	You can choose either option without paying extra.	追加料金なしでどちらの選択肢も選べる。
elbow	He hurt his elbow when he fell from the bicycle.	彼は自転車から転んで肘を痛めた。
electric	The city plans to replace its buses with electric vehicles.	市はバスを電気自動車に替える予定だ。
electrical	Only trained staff should repair electrical equipment.	訓練を受けた職員だけが電気機器を修理すべきだ。
electricity	The storm left thousands of homes without electricity.	嵐で何千もの家庭が停電した。
electronics	He works in a shop that sells consumer electronics.	彼は家電製品を売る店で働いている。
elegant	The hotel combines an elegant design with modern comfort.	そのホテルは上品なデザインと現代的な快適さを兼ね備えている。
elementary	The first chapter provides an elementary introduction to coding.	第1章ではプログラミングの初歩を紹介している。
elsewhere	If this shop is closed, we can eat elsewhere.	この店が閉まっていたら別の場所で食べられる。
embrace	The organization chose to embrace digital technology.	その団体はデジタル技術を積極的に取り入れることにした。
emission	Each vehicle must meet the new emission standard.	各車両は新しい排出基準を満たさなければならない。
emotionally	Caring for a sick relative can be emotionally difficult.	病気の親族を世話することは精神的につらい場合がある。
empire	The museum describes the rise and fall of the ancient empire.	博物館は古代帝国の盛衰を説明している。
empty	The restaurant was almost empty when we arrived.	私たちが着いた時、レストランはほとんど空だった。
ending	The film has a surprising but satisfying ending.	その映画には驚きがありながら満足できる結末がある。
energy	Walking to work gives me more energy in the morning.	歩いて通勤すると朝にもっと元気が出る。
engaged	She is fully engaged in planning the conference.	彼女は会議の計画に全面的に取り組んでいる。
engineer	An engineer inspected the bridge after the storm.	技師が嵐の後に橋を点検した。
engineering	The university is known for research in environmental engineering.	その大学は環境工学の研究で知られている。
enhance	Plants can enhance the appearance of an office.	植物は職場の見た目を良くすることができる。
enjoyable	The guide made the long journey enjoyable.	案内人のおかげで長い旅が楽しいものになった。
enquiry	We received your enquiry about course fees.	受講料についてのお問い合わせを受け取りました。
enter	Visitors must enter through the main gate.	訪問者は正門から入らなければならない。
entertain	Street musicians entertain visitors in the square.	大道芸人が広場で観光客を楽しませる。
entertaining	The speaker gave an entertaining account of her travels.	講演者は旅行について面白く語った。
entertainment	The festival provides free entertainment for families.	その祭りは家族向けの無料の娯楽を提供する。
entrepreneur	The young entrepreneur built a successful online business.	その若い起業家は成功するオンライン事業を築いた。
envelope	Place the form in the envelope provided.	用紙を備え付けの封筒に入れてください。
episode	The latest episode attracted more than a million viewers.	最新回は100万人を超える視聴者を集めた。
equally	The prize money will be divided equally among the winners.	賞金は受賞者の間で均等に分けられる。
equip	The grant will equip the laboratory with modern tools.	その助成金で研究室に最新の器具を備えられる。
era	Smartphones changed communication in the digital era.	スマートフォンはデジタル時代の意思疎通を変えた。
erupt	The volcano could erupt again without warning.	その火山は予告なく再び噴火する可能性がある。
especially	The path is beautiful, especially in autumn.	その小道は特に秋に美しい。
essentially	The two methods are essentially the same.	その2つの方法は本質的に同じだ。
estate	The family owns a large estate outside the city.	その家族は市外に広大な土地を所有している。
ethic	A strong work ethic helped her earn the team's trust.	強い職業倫理が彼女のチームからの信頼につながった。
ethnic	The area is home to several ethnic communities.	その地域には複数の民族共同体が暮らしている。
evaluation	The program will continue after a positive evaluation.	その制度はよい評価を受けた後も継続する。
even	Make sure the surface is clean and even.	表面が清潔で平らか確認してください。
everyday	The book explains science through everyday examples.	その本は日常的な例を通して科学を説明する。
everywhere	Spring flowers were growing everywhere.	春の花が至る所に咲いていた。
evolution	The exhibition traces the evolution of modern design.	その展示は現代デザインの発展をたどっている。
exactly	The train arrived at exactly nine o'clock.	電車はちょうど9時に到着した。
examination	A careful examination revealed a small crack.	詳しい検査で小さなひびが見つかった。
except	The museum is open every day except Monday.	その博物館は月曜日を除いて毎日開いている。
excessive	Excessive screen time can affect sleep.	過度な画面使用は睡眠に影響することがある。
excitement	There was great excitement before the final match.	決勝戦の前には大きな興奮があった。
exclude	The price does not exclude any necessary materials.	その価格は必要な教材を除外していない。
excuse	There is no excuse for treating customers rudely.	客に失礼な態度を取る言い訳はない。
executive	A senior executive presented the company's strategy.	上級役員が会社の戦略を発表した。
exit	Use the rear exit in an emergency.	緊急時には後方出口を使ってください。
exotic	The garden contains exotic plants from tropical regions.	その庭には熱帯地域の珍しい植物がある。
expansion	The airport expansion will create new jobs.	空港の拡張は新しい雇用を生むだろう。
expect	We expect demand to increase next year.	私たちは来年需要が増えると予想している。
expected	The repairs took longer than expected.	修理は予想より長くかかった。
expedition	The scientific expedition spent two months in Antarctica.	科学探検隊は南極で2か月を過ごした。
experience	Working abroad gave her valuable experience.	海外で働いたことで彼女は貴重な経験を得た。
experienced	An experienced guide led us through the forest.	経験豊富な案内人が森を案内してくれた。
expertise	The project requires expertise in data security.	その事業にはデータ安全管理の専門知識が必要だ。
exploit	Some employers exploit workers who do not know their rights.	雇用主の中には権利を知らない労働者を搾取する者がいる。
exploration	Space exploration has produced useful new technology.	宇宙探査は有用な新技術を生み出してきた。
exposure	Long exposure to loud noise may damage hearing.	大きな音に長時間さらされると聴力を損なうことがある。
extension	We requested an extension of the application deadline.	私たちは応募期限の延長を求めた。
extensive	The storm caused extensive damage along the coast.	嵐は沿岸に広範な被害をもたらした。
extensively	The topic has been extensively discussed in the media.	その話題はメディアで広く議論されてきた。
extra	You can pay extra for a larger room.	追加料金を払えばより広い部屋にできる。
extract	The process can extract useful chemicals from waste.	その工程では廃棄物から有用な化学物質を抽出できる。
fabric	This fabric is light but very strong.	この布地は軽いが非常に丈夫だ。
fabulous	We had a fabulous view of the coast from our room.	部屋から海岸のすばらしい景色が見えた。
face	Small businesses face serious challenges during a recession.	不況時には小企業が深刻な課題に直面する。
factory	The factory produces parts for electric cars.	その工場は電気自動車の部品を生産している。
failed	The failed experiment still provided useful information.	失敗した実験からも有用な情報が得られた。
fair	The judges made a fair decision based on the evidence.	審査員は証拠に基づいて公正な判断をした。
fairly	The manager promised to treat every employee fairly.	管理者は全従業員を公平に扱うと約束した。
fall	House prices began to fall in the second half of the year.	住宅価格は年の後半に下がり始めた。
fame	The singer found fame after appearing on television.	その歌手はテレビ出演後に名声を得た。
fan	A large fan keeps the room cool.	大きな扇風機が部屋を涼しく保つ。
fantasy	The novel mixes historical fact with fantasy.	その小説は歴史的事実と空想を組み合わせている。
far	The nearest hospital is not far from here.	最寄りの病院はここから遠くない。
fare	The bus fare has increased by ten percent.	バス運賃が10パーセント上がった。
farm	They farm vegetables without using chemical pesticides.	彼らは化学農薬を使わずに野菜を栽培している。
farming	Organic farming is becoming more common in the region.	その地域では有機農業がより一般的になっている。
fashion	Loose jackets are back in fashion this year.	今年はゆったりした上着が再び流行している。
fat	This product is low in fat and salt.	この製品は脂肪分と塩分が少ない。
favour	Could you do me a favour and check this translation?	お願いがあるのですが、この翻訳を確認してもらえますか。
fear	Fear of failure can prevent people from trying.	失敗への恐れは人が挑戦するのを妨げることがある。
feather	A white feather lay on the path.	白い羽が小道に落ちていた。
federal	The federal government announced new safety standards.	連邦政府は新しい安全基準を発表した。
feel	The material should feel smooth against your skin.	その素材は肌に触れるとなめらかに感じるはずだ。
fellow	She discussed the idea with her fellow researchers.	彼女は仲間の研究者たちとその考えを話し合った。
female	The study included equal numbers of male and female participants.	その研究には男女同数の参加者が含まれた。
fiction	She prefers historical fiction to modern romance.	彼女は現代の恋愛小説より歴史小説を好む。
field	New technology is changing the field of medicine.	新技術が医療分野を変えている。
fight	Communities must work together to fight pollution.	地域社会は汚染と闘うため協力しなければならない。
fighting	The agreement brought an end to months of fighting.	その合意で数か月の戦闘が終わった。
file	Please file the original document in the blue folder.	原本を青いフォルダーに保管してください。
film	The team plans to film the interview outdoors.	チームは屋外でインタビューを撮影する予定だ。
final	The final decision will be made on Friday.	最終決定は金曜日に下される。
finally	After three attempts, she finally passed the exam.	3回挑戦した後、彼女はついに試験に合格した。
finding	The main finding challenges an earlier theory.	主な研究結果は以前の理論に異議を唱えている。
finger	He pointed his finger at the correct line.	彼は正しい行を指で示した。
finish	We should finish the report before lunch.	昼食前に報告書を仕上げるべきだ。
fire	The company had to fire two employees for serious misconduct.	会社は重大な不正行為を理由に従業員2人を解雇せざるを得なかった。
firefighter	A firefighter carried the child to safety.	消防士が子どもを安全な場所へ運んだ。
firework	A single firework lit up the night sky.	一発の花火が夜空を照らした。
firmly	Hold the handle firmly with both hands.	両手で取っ手をしっかり握ってください。
first	She was the first person to notice the error.	彼女が最初にその誤りに気づいた人だった。
firstly	Firstly, we need to agree on a realistic budget.	第一に、現実的な予算について合意する必要がある。
fish	Local families fish in the river during summer.	地元の家庭は夏にその川で魚を捕る。
fishing	The village depends on fishing and tourism.	その村は漁業と観光に依存している。
fit	This table will not fit through the narrow door.	このテーブルは狭いドアを通らない。
fitness	Regular walking can improve your fitness.	定期的な歩行は体力を向上させる。
fixed	The contract offers a fixed price for two years.	その契約では2年間の固定価格が提示されている。
flag	A red flag was raised above the beach.	浜辺に赤い旗が掲げられた。
flame	Keep paper away from the open flame.	紙を裸火から離してください。
flash	A flash of lightning lit the entire valley.	稲妻の光が谷全体を照らした。
flat	The path is flat and suitable for beginners.	その道は平らで初心者に向いている。
flavour	Fresh herbs add flavour to the soup.	新鮮なハーブはスープに風味を加える。
flour	Mix the flour with water and a little salt.	小麦粉を水と少量の塩で混ぜてください。
flu	She stayed home for a week because of the flu.	彼女はインフルエンザで1週間自宅にいた。
fly	Several airlines fly directly to the island.	複数の航空会社がその島へ直行便を運航している。
flying	Flying is often faster than taking the train.	飛行機での移動は電車より速いことが多い。
folding	A folding chair is stored behind the door.	折り畳み椅子がドアの後ろに保管されている。
following	Please answer the following three questions.	次の3つの質問に答えてください。
fond	My grandmother is fond of traditional music.	祖母は伝統音楽が好きだ。
fool	Only a fool would ignore such a clear warning.	そんな明確な警告を無視するのは愚か者だけだ。
forbid	The rules forbid visitors from touching the objects.	規則では来場者が展示物に触れることを禁じている。
foreign	The company is looking for new foreign markets.	その会社は新しい海外市場を探している。
forest	A fire destroyed a large area of forest.	火災で広い森林が焼失した。
forever	No computer will continue working forever.	永遠に動き続けるコンピューターはない。
fork	Use a fork to hold the vegetable while cutting it.	野菜を切る時はフォークで押さえてください。
format	Save the image in a widely supported format.	画像を広く対応している形式で保存してください。
formation	Scientists studied the formation of the island.	科学者はその島の形成を研究した。
formerly	The building was formerly used as a school.	その建物は以前、学校として使われていた。
fortunate	We were fortunate to find shelter before the storm.	嵐の前に避難場所を見つけられて幸運だった。
fortunately	Fortunately, no one was injured in the fire.	幸い、火事でけが人はいなかった。
forum	The website provides a forum for exchanging practical advice.	そのサイトは実用的な助言を交換する場を提供する。
forward	We look forward to hearing your opinion.	ご意見を伺うのを楽しみにしています。
fossil	Researchers discovered a rare fossil in the rock.	研究者は岩の中で珍しい化石を発見した。
founder	The founder still advises the company on major decisions.	創設者は今も重要な決定について会社に助言している。
fraction	Only a small fraction of the waste is recycled.	廃棄物のうち再利用されるのはほんの一部だ。
fragment	Archaeologists found a fragment of ancient pottery.	考古学者は古代の陶器の破片を発見した。
framework	The law provides a framework for protecting personal data.	その法律は個人情報を守る枠組みを提供する。
fraud	The bank introduced new measures to prevent fraud.	銀行は詐欺を防ぐ新しい対策を導入した。
free	The campaign aims to free the river from plastic waste.	その運動は川からプラスチックごみをなくすことを目指している。
freedom	Journalists need freedom to report the facts.	記者には事実を報道する自由が必要だ。
freely	Members can freely express different opinions.	会員は異なる意見を自由に表明できる。
frequency	The frequency of extreme weather events is increasing.	異常気象の発生頻度が増えている。
fresh	The café serves fresh bread every morning.	そのカフェは毎朝焼きたてのパンを出す。
fridge	Keep the medicine in the fridge after opening it.	開封後は薬を冷蔵庫に保管してください。
friendship	Their friendship continued long after they left school.	彼らの友情は卒業後も長く続いた。
frog	A green frog sat beside the pond.	緑色のカエルが池のそばにいた。
frozen	The road was frozen and dangerous.	道路は凍っていて危険だった。
fry	Fry the vegetables for five minutes over medium heat.	野菜を中火で5分間炒めてください。
fulfil	The new role allowed her to fulfil her potential.	新しい役割で彼女は自分の可能性を発揮できた。
full-time	She returned to full-time work after the summer.	彼女は夏の後に常勤の仕事へ戻った。
fully	Please read the conditions fully before agreeing.	同意する前に条件をすべて読んでください。
fun	The science activity was both useful and fun.	その科学活動は役立つうえに楽しかった。
fundamentally	The two plans are fundamentally different.	その2つの計画は根本的に異なる。
funding	The research cannot continue without additional funding.	その研究は追加資金なしには続けられない。
fur	The animal's thick fur protects it from the cold.	その動物の厚い毛皮は寒さから身を守る。
furious	Residents were furious about the sudden closure.	住民は突然の閉鎖に激怒した。
furniture	The apartment contains only basic furniture.	その部屋には基本的な家具しかない。
further	Please contact us if you need further information.	さらに情報が必要ならご連絡ください。
future	Future generations will face the effects of today's choices.	将来の世代は今日の選択の影響に直面する。
gallery	The gallery displays work by young local artists.	その美術館は地元の若い芸術家の作品を展示している。
gaming	Online gaming can be a social activity.	オンラインゲームは社交的な活動にもなりうる。
gang	Police arrested the leader of the gang.	警察はその一団の指導者を逮捕した。
garage	The bicycle is stored in the garage.	自転車は車庫に保管されている。
gas	The country imports most of its natural gas.	その国は天然ガスの大半を輸入している。
gate	Meet me beside the main gate at noon.	正午に正門のそばで会いましょう。
gay	The organization supports the rights of gay people.	その団体は同性愛者の権利を支援している。
gender	The survey examines differences in pay by gender.	その調査は性別による賃金差を調べている。
general	The guide gives a general overview of the subject.	その案内書はその主題の全体像を示している。
generally	The service is generally reliable, even at busy times.	そのサービスは混雑時でも概して信頼できる。
genetic	Some diseases have a strong genetic component.	病気の中には遺伝的要因が強いものがある。
genius	Her solution showed genuine creative genius.	彼女の解決策は真の創造的才能を示した。
genre	Mystery is the most popular genre among these readers.	この読者たちには推理ものが最も人気のあるジャンルだ。
gentleman	An elderly gentleman offered me his seat.	年配の紳士が私に席を譲ってくれた。
genuinely	She was genuinely pleased by the team's progress.	彼女はチームの進歩を心から喜んだ。
ghost	Local stories say that a ghost lives in the tower.	地元の話では塔に幽霊が住んでいるという。
giant	The company built a giant battery beside the solar farm.	会社は太陽光発電所のそばに巨大な蓄電池を建設した。
gift	Her gift for languages became clear at an early age.	彼女の語学の才能は幼い頃から明らかだった。
gig	The band has a gig at a small club tonight.	そのバンドは今夜、小さなクラブで演奏する。
glad	I am glad that you decided to join us.	参加を決めてくれてうれしい。
globalization	Globalization has connected producers with customers worldwide.	グローバル化は生産者と世界中の顧客を結びつけた。
globe	The news spread rapidly across the globe.	そのニュースは世界中に急速に広まった。
glove	Wear a protective glove when handling the chemical.	その薬品を扱う時は保護手袋を着けてください。
go	We should go before the roads become busy.	道路が混む前に出発した方がよい。
goal	Our main goal is to reduce waiting times.	私たちの主な目標は待ち時間を減らすことだ。
god	The ancient people built a temple for their god.	古代の人々は自分たちの神のために神殿を建てた。
gold	The medal is made of solid gold.	そのメダルは純金でできている。
golden	The setting sun gave the fields a golden colour.	夕日が畑を金色に染めた。
golf	He plays golf with his colleagues twice a month.	彼は月2回、同僚とゴルフをする。
good	Fresh air is good for your health.	新鮮な空気は健康によい。
goodness	Her goodness was shown through years of volunteer work.	彼女の優しさは長年のボランティア活動に表れていた。
goods	The port handles goods from many countries.	その港は多くの国からの商品を扱う。
gorgeous	The room has a gorgeous view of the mountains.	その部屋からは山々の見事な景色が見える。
governor	The governor announced emergency support for farmers.	知事は農家への緊急支援を発表した。
grab	Grab the rail if the bus starts moving.	バスが動き出したら手すりをつかんでください。
grade	Teachers grade the written work using clear criteria.	教師は明確な基準で作文を採点する。
graduate	She plans to graduate from university next spring.	彼女は来春大学を卒業する予定だ。
grain	The bread is made with whole grain.	そのパンは全粒穀物で作られている。
grand	The ceremony took place in a grand hall.	式典は壮大なホールで行われた。
graphic	The report contains a graphic description of the disaster.	その報告書には災害の生々しい描写がある。
graphics	The game uses simple but attractive graphics.	そのゲームは簡潔で魅力的な画像を使っている。
grass	Please keep off the wet grass.	濡れた芝生に入らないでください。
greatly	Your advice greatly improved the final report.	あなたの助言で最終報告書が大いに改善した。
greenhouse	Tomatoes grow well in a warm greenhouse.	トマトは暖かい温室でよく育つ。
greet	Staff greet every visitor at the entrance.	職員は入口ですべての来場者にあいさつする。
grocery	A small grocery opened near our apartment.	私たちのアパートの近くに小さな食料品店が開いた。
ground	The children sat on the ground beneath the tree.	子どもたちは木の下の地面に座った。
guard	A security guard checked our tickets.	警備員が私たちの券を確認した。
guest	Each guest received a guide to the city.	客は一人ひとり市内案内を受け取った。
guide	This checklist will guide you through the application process.	この確認表が応募手続きを順に案内する。
guideline	The document provides a clear guideline for safe use.	その文書は安全な使用のための明確な指針を示している。
gun	The law places strict controls on gun ownership.	その法律は銃の所有を厳しく規制している。
guy	The guy at the front desk was very helpful.	受付の男性はとても親切だった。
habit	Reading before bed became a daily habit.	寝る前の読書が毎日の習慣になった。
habitat	Wetlands provide an important habitat for birds.	湿地は鳥にとって重要な生息地となる。
half	Only half of the participants completed the survey.	参加者の半数しか調査を完了しなかった。
hall	The graduation ceremony was held in the main hall.	卒業式は大ホールで行われた。
hand	Please hand the completed form to the receptionist.	記入済みの用紙を受付係に渡してください。
hang	Hang your coat on the hook by the door.	コートをドア脇のフックに掛けてください。
happily	The children played happily in the garden.	子どもたちは庭で楽しそうに遊んだ。
happiness	Close friendships can contribute to long-term happiness.	親しい友情は長期的な幸福につながりうる。
harbour	Fishing boats returned to the harbour before the storm.	漁船は嵐の前に港へ戻った。
hardly	I could hardly recognize the town after twenty years.	20年ぶりでその町をほとんど見分けられなかった。
hate	I hate wasting food that could be eaten.	私は食べられる物を無駄にするのが嫌いだ。
have	We have enough time to check the results again.	結果をもう一度確認する時間は十分にある。
head	She will head the new research team.	彼女が新しい研究チームを率いる。
headache	Working without a break gave me a headache.	休まずに働いたため頭痛がした。
headline	The election result became the main headline.	選挙結果が主要な見出しになった。
headquarters	The company moved its headquarters to Singapore.	その会社は本社をシンガポールへ移した。
heal	The cut should heal within a few days.	その切り傷は数日で治るはずだ。
healthcare	Rural areas need better access to healthcare.	農村地域には医療をより利用しやすくする必要がある。
hearing	Loud music can damage your hearing.	大音量の音楽は聴力を損なうことがある。
heart	Regular exercise helps keep your heart healthy.	定期的な運動は心臓を健康に保つ。
heat	Heat the soup slowly over a low flame.	弱火でスープをゆっくり温めてください。
heating	We turned on the heating when the temperature fell.	気温が下がったので暖房をつけた。
heaven	The clear mountain air felt like heaven.	澄んだ山の空気は天国のようだった。
heavily	It rained heavily throughout the night.	夜通し激しく雨が降った。
heavy	This box is too heavy for one person.	この箱は一人で運ぶには重すぎる。
heel	The back of the shoe rubbed against my heel.	靴の後ろがかかとに擦れた。
height	The tower reaches a height of eighty metres.	その塔は高さ80メートルに達する。
helicopter	A rescue helicopter landed near the village.	救助ヘリコプターが村の近くに着陸した。
hell	The trapped miners described the heat as hell.	閉じ込められた鉱員はその暑さを地獄のようだと表現した。
helmet	Always wear a helmet when riding a bicycle.	自転車に乗る時は必ずヘルメットを着けてください。
helpful	The staff gave us some helpful advice.	職員は私たちに役立つ助言をくれた。
hence	The road was flooded, hence the long delay.	道路が冠水したため、長い遅れが生じた。
herb	This herb adds a fresh taste to the sauce.	このハーブはソースに爽やかな味を加える。
hero	The nurse became a local hero after the rescue.	その看護師は救助後、地元の英雄になった。
hers	The red umbrella by the door is hers.	ドア脇の赤い傘は彼女のものだ。
herself	She taught herself how to repair bicycles.	彼女は自分で自転車の修理を学んだ。
hidden	The key was hidden beneath a loose stone.	鍵は動く石の下に隠されていた。
high	Demand for the new service remains high.	新サービスへの需要は高いままだ。
highway	A new highway connects the city and the airport.	新しい幹線道路が市内と空港を結んでいる。
hilarious	His account of the mistake was hilarious.	彼の失敗談はとてもおかしかった。
hill	The house stands on a hill above the town.	その家は町を見下ろす丘に建っている。
himself	He designed and built the table himself.	彼はそのテーブルを自分で設計し作った。
hip	She injured her hip in a skiing accident.	彼女はスキー事故で腰を痛めた。
his	That blue bicycle is his.	あの青い自転車は彼のものだ。
historian	A local historian explained the building's past.	地元の歴史家がその建物の過去を説明した。
historic	The leaders signed a historic peace agreement.	指導者たちは歴史的な和平合意に署名した。
historical	The drama is based on historical events.	その劇は歴史上の出来事に基づいている。
hit	Sales hit a record level in December.	売上は12月に記録的な水準に達した。
hockey	Our school hockey team practises twice a week.	学校のホッケーチームは週2回練習する。
hold	The hall can hold up to three hundred people.	そのホールは最大300人を収容できる。
hole	Water escaped through a hole in the pipe.	水が管の穴から漏れた。
hollow	The old tree was hollow inside.	その古い木は中が空洞だった。
holy	The temple is considered a holy place.	その寺院は神聖な場所と考えられている。
home	The home team won by a single point.	地元チームは1点差で勝った。
homeless	The charity provides meals for homeless people.	その慈善団体は住まいのない人に食事を提供する。
honest	Please give me an honest answer.	正直な答えをください。
honesty	Customers value honesty in business relationships.	顧客は取引関係で誠実さを重視する。
honour	The university will honour her contribution to science.	大学は彼女の科学への貢献を表彰する。
hook	Hang the bag on the hook behind the door.	かばんをドアの後ろのフックに掛けてください。
hope	We hope to complete the repairs by Friday.	金曜日までに修理を終えたいと思う。
hopefully	Hopefully, the weather will improve tomorrow.	うまくいけば明日は天気がよくなるだろう。
horrible	A horrible smell came from the kitchen.	台所からひどい臭いがした。
host	The city will host the international conference.	その都市が国際会議を開催する。
house	The old building will house a new library.	その古い建物には新しい図書館が入る。
housing	The region faces a serious shortage of housing.	その地域は深刻な住宅不足に直面している。
human	Clean water is a basic human need.	清潔な水は人間の基本的な必要だ。
humorous	The article takes a humorous look at office life.	その記事は職場生活をユーモラスに描いている。
humour	A little humour made the difficult meeting easier.	少しのユーモアで難しい会議が楽になった。
hunger	The program aims to reduce child hunger.	その制度は子どもの飢えを減らすことを目指す。
hunting	Hunting is strictly controlled in the national park.	国立公園では狩猟が厳しく規制されている。
hurry	There is no need to hurry; we have plenty of time.	急ぐ必要はない。時間は十分にある。
hurt	My shoulder still hurt the day after the fall.	転倒の翌日も肩が痛んだ。
hypothesis	The experiment did not support the original hypothesis.	実験は当初の仮説を裏付けなかった。
icon	The red icon indicates a connection problem.	赤いアイコンは接続上の問題を示す。
id	You must show a photo ID at reception.	受付で顔写真付き身分証明書を示す必要がある。
ideal	This quiet room is ideal for studying.	この静かな部屋は勉強に理想的だ。
identical	The two documents are almost identical.	その2つの文書はほぼ同一だ。
ill	Several passengers became ill during the voyage.	航海中に数人の乗客が具合を悪くした。
illness	The illness kept him away from work for a month.	その病気で彼は1か月仕事を休んだ。
illusion	The mirrors create an illusion of extra space.	鏡が空間が広いという錯覚を生む。
illustration	The book includes an illustration on every page.	その本は各ページに挿絵がある。
imaginary	The children invented an imaginary island.	子どもたちは架空の島を考え出した。
immigration	The debate focused on immigration policy.	討論は移民政策に集中した。
immune	Vaccination made most participants immune to the disease.	予防接種で参加者の大半がその病気への免疫を得た。
impatient	Customers became impatient with the long wait.	客は長い待ち時間にいら立った。
implement	The council plans to implement the changes next year.	議会は来年その変更を実施する予定だ。
implication	The decision has a serious implication for small businesses.	その決定は小企業に重大な影響を持つ。
importance	The course emphasizes the importance of regular review.	その講座は定期的な復習の重要性を強調する。
impose	The government may impose a limit on water use.	政府は水の使用に制限を課すかもしれない。
impossible	It is impossible to finish all this work today.	今日この仕事をすべて終えるのは不可能だ。
impressed	The visitors were impressed by the students' presentation.	来訪者は学生の発表に感心した。
incentive	The discount gives customers an incentive to order early.	割引は客に早く注文する動機を与える。
inch	Move the shelf an inch to the left.	棚を左へ1インチ動かしてください。
included	Breakfast and internet access are included in the price.	朝食とインターネット利用は料金に含まれている。
including	Ten people attended, including three local teachers.	地元の教師3人を含む10人が出席した。
incorporate	The design will incorporate several energy-saving features.	その設計はいくつかの省エネ機能を取り入れる。
incorrect	One incorrect figure changed the final total.	一つの誤った数字が最終合計を変えた。
index	Use the index to find the relevant section.	索引を使って関連する節を見つけてください。
indication	A rising temperature may be an indication of infection.	体温上昇は感染の兆候かもしれない。
indirect	We took an indirect route to avoid traffic.	渋滞を避けるため遠回りの道を通った。
indoor	The centre has an indoor swimming pool.	その施設には屋内プールがある。
indoors	We stayed indoors during the storm.	嵐の間は屋内にいた。
inevitably	A larger population will inevitably require more housing.	人口が増えれば必然的により多くの住宅が必要になる。
infer	From these results, we can infer that the method works.	この結果から、その方法が有効だと推論できる。
inflation	High inflation has increased the cost of food.	高いインフレで食費が増えた。
info	More info is available on the official website.	詳しい情報は公式サイトで入手できる。
informal	We had an informal discussion over lunch.	昼食を取りながら非公式の話し合いをした。
infrastructure	The city is investing in public transport infrastructure.	市は公共交通の基盤に投資している。
inhabitant	Every inhabitant received a warning message.	住民全員が警告メッセージを受け取った。
inherit	She will inherit the family business.	彼女は家業を引き継ぐ予定だ。
injured	Two injured hikers were taken to hospital.	負傷した登山者2人が病院へ運ばれた。
ink	The printer has run out of black ink.	プリンターの黒インクが切れた。
innovative	The award recognizes innovative teaching methods.	その賞は革新的な教授法を評価する。
input	We need input from users before changing the design.	設計を変える前に利用者の意見が必要だ。
inquiry	The committee opened an inquiry into the accident.	委員会は事故の調査を開始した。
insect	Each insect plays a role in the forest ecosystem.	昆虫はそれぞれ森林生態系で役割を果たす。
insert	Insert the card with the chip facing upwards.	チップを上向きにしてカードを差し込んでください。
inside	The keys were inside the top drawer.	鍵は一番上の引き出しの中にあった。
inspector	A safety inspector visited the factory.	安全検査官が工場を訪れた。
installation	Installation of the new system took two days.	新システムの設置には2日かかった。
instantly	The audience instantly recognized the song.	観客はその曲をすぐに聞き分けた。
instead	We cancelled the drive and took the train instead.	車で行くのをやめ、代わりに電車を使った。
instructor	The instructor demonstrated the correct technique.	指導者が正しい技術を実演した。
integrate	Schools should integrate technology into lessons carefully.	学校は慎重に技術を授業へ組み込むべきだ。
intellectual	The debate was an interesting intellectual challenge.	その討論は興味深い知的な挑戦だった。
intended	The medicine had the intended effect.	その薬は意図した効果を上げた。
interaction	The activity encourages interaction between students.	その活動は学生どうしの交流を促す。
interpretation	Her interpretation of the poem differed from mine.	彼女の詩の解釈は私のものと異なった。
interval	There will be a short interval between the talks.	講演の間に短い休憩がある。
introduction	The first unit is an introduction to academic writing.	第1単元は学術的な文章の入門だ。
invade	Foreign troops threatened to invade the country.	外国軍がその国へ侵攻すると脅した。
invasion	The invasion forced thousands to leave their homes.	侵攻で何千人もの人が家を離れた。
invent	Students were asked to invent a useful household tool.	学生は役立つ家庭用品を考案するよう求められた。
invention	The invention changed the way people communicated.	その発明は人々の意思疎通の方法を変えた。
investigation	A police investigation found evidence of fraud.	警察の調査で詐欺の証拠が見つかった。
investor	Each investor received a copy of the report.	投資家はそれぞれ報告書の写しを受け取った。
invite	We would like to invite you to the opening event.	開会イベントへご招待したいと思います。
iron	The bridge is built mainly from iron and stone.	その橋は主に鉄と石で造られている。
isolate	Researchers managed to isolate the cause of the fault.	研究者は不具合の原因を特定して切り離した。
isolated	The village remained isolated after the landslide.	土砂崩れ後、その村は孤立したままだった。
it	It is important to back up your files.	ファイルをバックアップすることが重要だ。
itself	The device turns itself off after ten minutes.	その装置は10分後に自動で電源が切れる。
jail	The court sent the offender to jail.	裁判所は犯罪者を刑務所へ送った。
jam	Heavy traffic created a long jam near the bridge.	交通量が多く橋の近くで長い渋滞が起きた。
jazz	The café hosts a live jazz performance on Fridays.	そのカフェでは金曜日にジャズの生演奏がある。
jet	A private jet landed at the small airport.	自家用ジェット機が小さな空港に着陸した。
jewellery	She keeps her jewellery in a locked drawer.	彼女は宝飾品を鍵付きの引き出しに保管している。
joint	The project is a joint effort by two universities.	その事業は2大学の共同の取り組みだ。
joke	He told a joke to relax the nervous audience.	彼は緊張した観客を和ませるため冗談を言った。
journalism	Accurate reporting is central to responsible journalism.	正確な報道は責任あるジャーナリズムの中心だ。
journalist	A journalist interviewed residents after the flood.	記者が洪水後に住民へ取材した。
joy	The children shouted with joy when the snow began.	雪が降り始めると子どもたちは喜びの声を上げた。
judgement	Good judgement is essential in an emergency.	緊急時には適切な判断が不可欠だ。
jump	The athlete can jump more than two metres.	その選手は2メートル以上跳べる。
jury	The jury reached a decision after three hours.	陪審員団は3時間後に評決へ達した。
key	Clear communication is key to successful teamwork.	明確な意思疎通はチーム成功の鍵だ。
keyboard	This keyboard is designed for use with tablets.	このキーボードはタブレット用に設計されている。
kick	He tried to kick the ball into the corner.	彼はボールを隅へ蹴り込もうとした。
kid	Every kid in the class received a book.	クラスの子ども全員が本を受け取った。
kill	The cold weather may kill young plants.	寒い天候で若い植物が枯れるかもしれない。
killing	The killing of protected animals is illegal.	保護動物の殺害は違法だ。
kind	It was kind of you to offer your help.	助けを申し出てくれて親切でした。
king	The king addressed the nation on television.	国王はテレビで国民に語りかけた。
kiss	She gave her daughter a kiss before school.	彼女は登校前に娘へキスをした。
kit	The emergency kit contains food, water, and a radio.	非常用品一式には食料、水、ラジオが入っている。
knee	He wore a support around his injured knee.	彼は痛めた膝にサポーターを着けていた。
knife	Use a sharp knife to slice the tomatoes.	よく切れるナイフでトマトを薄切りにしてください。
knock	Please knock before entering the office.	事務所へ入る前にノックしてください。
lab	The samples were sent to a lab for testing.	試料は検査のため研究室へ送られた。
labour	The project requires skilled labour.	その事業には熟練労働力が必要だ。
ladder	Use a stable ladder to reach the roof.	屋根へ上がるには安定したはしごを使ってください。
lady	An elderly lady asked me for directions.	年配の女性が私に道を尋ねた。
lake	The lake supplies drinking water to the city.	その湖は市へ飲料水を供給している。
lamp	A desk lamp provides enough light for reading.	机のランプは読書に十分な明かりを提供する。
land	The plane will land in about twenty minutes.	飛行機は約20分後に着陸する。
landing	The pilot made a smooth landing despite the wind.	操縦士は風にもかかわらず滑らかに着陸した。
lane	Stay in the left lane until the next exit.	次の出口まで左車線にいてください。
laptop	My laptop is light enough to carry every day.	私のノートパソコンは毎日持ち運べるほど軽い。
last	The battery should last for at least a week.	電池は少なくとも1週間もつはずだ。
later	We can discuss the details later.	詳細は後で話し合える。
laughter	The room filled with laughter after his story.	彼の話の後、部屋は笑い声で満ちた。
law	The new law protects customers' personal information.	新しい法律は顧客の個人情報を守る。
lawyer	She consulted a lawyer before signing the contract.	彼女は契約書に署名する前に弁護士へ相談した。
lay	Workers will lay new cables under the road.	作業員は道路の下に新しいケーブルを敷く。
lazy	It is lazy to copy another person's work.	他人の作品を写すのは怠慢だ。
leader	A good leader listens before making a decision.	よい指導者は決定前に人の話を聞く。
leading	She is a leading expert on renewable energy.	彼女は再生可能エネルギーの第一人者だ。
leaf	A single yellow leaf fell from the tree.	黄色い葉が一枚、木から落ちた。
leaflet	The clinic produced a leaflet about healthy eating.	診療所は健康的な食事についてのちらしを作った。
league	The team moved to the top of the league.	そのチームはリーグ首位に上がった。
learning	Active practice makes learning more effective.	能動的な練習は学習をより効果的にする。
least	This option causes the least environmental damage.	この選択肢が環境への被害を最も少なくする。
leave	The last bus will leave at eleven.	最終バスは11時に出発する。
legend	According to legend, treasure is hidden on the island.	伝説によると島に宝が隠されている。
lemon	Add a slice of lemon to the water.	水にレモンを一切れ加えてください。
lend	Could you lend me your notes until tomorrow?	明日までノートを貸してもらえますか。
lens	The camera lens needs careful cleaning.	カメラのレンズは丁寧に掃除する必要がある。
less	The new model uses less electricity.	新型は使う電気がより少ない。
licence	You need a licence to operate this vehicle.	この車両を運転するには免許が必要だ。
lie	A small village lies beyond the hills.	丘の向こうに小さな村がある。
lifestyle	Regular exercise is part of a healthy lifestyle.	定期的な運動は健康的な生活様式の一部だ。
lifetime	The journey was a once-in-a-lifetime experience.	その旅は一生に一度の経験だった。
lift	Can you help me lift this table?	このテーブルを持ち上げるのを手伝ってもらえますか。
light	Use this switch to light the entrance.	このスイッチで入口を照らしてください。
lighting	Good lighting makes the room easier to use.	よい照明でその部屋は使いやすくなる。
like	I would like more time to consider the offer.	その申し出を考える時間がもっと欲しい。
likewise	The first plan is expensive, and the second is likewise costly.	最初の案は高価で、2番目も同様に費用がかかる。
limitation	Cost is the main limitation of this technology.	費用がこの技術の主な制約だ。
line	Tall trees line both sides of the road.	高い木々が道路の両側に並んでいる。
lip	She cut her lip when she fell.	彼女は転んだ時に唇を切った。
listener	A careful listener notices changes in tone.	注意深い聞き手は口調の変化に気づく。
literary	The city holds an annual literary festival.	その都市は毎年文学祭を開く。
litre	The tank holds one litre of water.	その容器には1リットルの水が入る。
litter	Visitors are asked to take their litter home.	来訪者はごみを持ち帰るよう求められている。
little	There is little evidence to support the claim.	その主張を裏付ける証拠はほとんどない。
live	The interview will be broadcast live tonight.	そのインタビューは今夜生放送される。
lively	We had a lively discussion about the proposal.	その提案について活発な議論をした。
living	The cost of living has risen sharply.	生活費が急激に上昇した。
located	The hotel is located near the central station.	そのホテルは中央駅の近くに位置している。
lock	Remember to lock the door when you leave.	出る時にドアへ鍵をかけるのを忘れないでください。
logo	The new logo reflects the company's environmental goals.	新しいロゴは会社の環境目標を表している。
lonely	Working from home can sometimes feel lonely.	在宅勤務は時に孤独に感じられる。
long-term	The policy needs a long-term plan for funding.	その政策には長期的な資金計画が必要だ。
look	Take a close look at the figures in this column.	この列の数字をよく見てください。
lorry	A large lorry blocked the narrow road.	大型トラックが狭い道路をふさいだ。
lost	A volunteer helped us find our lost dog.	ボランティアが迷子の犬を見つけるのを助けてくれた。
lottery	She won a small prize in the local lottery.	彼女は地元の宝くじで小さな賞を当てた。
loud	The music was too loud for conversation.	音楽が大きすぎて会話できなかった。
loudly	Someone knocked loudly on the front door.	誰かが玄関のドアを大きな音でたたいた。
lovely	We spent a lovely afternoon by the river.	川辺ですてきな午後を過ごした。
low	Interest rates remain low this year.	今年は金利が低いままだ。
luck	We had good luck with the weather.	私たちは天候に恵まれた。
lucky	You were lucky to catch the final train.	最終電車に間に合って運がよかった。
lung	Smoking can cause serious lung disease.	喫煙は深刻な肺の病気を引き起こすことがある。
lyric	The song has a simple but powerful lyric.	その歌には簡潔で力強い歌詞がある。
mad	She was mad at me for missing the meeting.	彼女は私が会議を欠席したことに怒っていた。
magic	The performance combined music and magic.	その公演は音楽と手品を組み合わせていた。
magnificent	The palace offers a magnificent view of the city.	その宮殿からは街の壮大な景色が見える。
mail	Please mail the signed form to our office.	署名済みの用紙を当事務所へ郵送してください。
make	Small changes can make a big difference.	小さな変化が大きな違いを生むことがある。
make-up	The actor's make-up took more than an hour.	その俳優の化粧には1時間以上かかった。
making	Careful planning is essential to good decision-making.	慎重な計画は適切な意思決定に不可欠だ。
male	The survey included both male and female workers.	その調査には男女の労働者が含まれた。
mall	A new shopping mall opened beside the station.	駅のそばに新しいショッピングモールが開いた。
manager	The manager approved my request for leave.	管理者は私の休暇申請を承認した。
manner	She answered the complaint in a calm manner.	彼女は苦情に落ち着いた態度で答えた。
manufacture	The factory will manufacture batteries for electric cars.	その工場は電気自動車用の電池を製造する。
manufacturing	The region has a long history of car manufacturing.	その地域には自動車製造の長い歴史がある。
map	Researchers plan to map changes in the coastline.	研究者は海岸線の変化を地図化する予定だ。
marathon	She completed her first marathon last year.	彼女は昨年初めてマラソンを完走した。
margin	Write your comments in the right margin.	右の余白にコメントを書いてください。
mark	Use a pencil to mark the correct answer.	鉛筆で正解に印を付けてください。
marker	The red post serves as a boundary marker.	赤い柱が境界標識の役割を果たす。
market	The company plans to market the product overseas.	会社はその製品を海外で販売する予定だ。
marketing	The marketing campaign reached younger customers.	販売促進活動は若い顧客に届いた。
marriage	Their marriage has lasted for thirty years.	彼らの結婚生活は30年間続いている。
marry	They plan to marry in the autumn.	彼らは秋に結婚する予定だ。
martial	She has practised a martial art since childhood.	彼女は子どもの頃から武術を練習している。
mass	A mass of dark clouds covered the sky.	大量の黒い雲が空を覆った。
massive	The storm caused massive damage to the harbour.	嵐は港に甚大な被害をもたらした。
master	It takes years of practice to master this technique.	この技術を習得するには何年もの練習が必要だ。
matching	The twins wore matching blue jackets.	双子はおそろいの青い上着を着ていた。
mate	My old school mate now lives abroad.	昔の学友は今、海外に住んでいる。
material	The course material is available online.	講座の教材はオンラインで利用できる。
mathematics	Mathematics plays an important role in engineering.	数学は工学で重要な役割を果たす。
maths	Maths was my favourite subject at school.	数学は学校で一番好きな科目だった。
matter	Your opinion matters to the whole team.	あなたの意見はチーム全体にとって重要だ。
maximum	The room has a maximum capacity of fifty.	その部屋の最大収容人数は50人だ。
may	The delivery may arrive later than expected.	配達は予想より遅く到着するかもしれない。
mayor	The mayor opened the new community centre.	市長が新しい地域センターを開設した。
means	Email remains an efficient means of communication.	メールは効率的な意思疎通の手段であり続けている。
meanwhile	Dinner was cooking; meanwhile, we prepared the table.	夕食を調理する間に、私たちは食卓を準備した。
measure	The device can measure changes in air quality.	その装置は空気の質の変化を測定できる。
measurement	Each measurement was repeated three times.	各測定は3回繰り返された。
mechanic	A mechanic checked the engine for faults.	整備士がエンジンの不具合を調べた。
mechanical	A mechanical problem delayed the train.	機械の問題で電車が遅れた。
mechanism	The exact mechanism is not yet fully understood.	正確な仕組みはまだ完全には理解されていない。
medal	She won a gold medal in the final race.	彼女は最終レースで金メダルを獲得した。
media	The story received little attention in the media.	その話はメディアでほとんど注目されなかった。
medical	The patient needs immediate medical attention.	その患者には直ちに医療処置が必要だ。
medication	Take this medication after each meal.	この薬を毎食後に服用してください。
medicine	Modern medicine has greatly improved survival rates.	現代医学は生存率を大きく改善した。
medium	Choose a medium size if the large one is too loose.	大きいサイズが緩すぎるなら中サイズを選んでください。
melt	The snow will melt as the temperature rises.	気温が上がると雪は解ける。
membership	Annual membership includes free entry to exhibitions.	年会員資格には展示への無料入場が含まれる。
memorable	The final concert was a memorable experience.	最後の演奏会は忘れられない経験だった。
memory	Regular review strengthens long-term memory.	定期的な復習は長期記憶を強化する。
mental	Exercise can support both physical and mental health.	運動は身体と心の両方の健康を支える。
mention	She did not mention the change during the meeting.	彼女は会議中に変更について触れなかった。
mess	The kitchen was a mess after the party.	パーティー後、台所は散らかっていた。
metal	The frame is made from recycled metal.	その枠は再生金属でできている。
metaphor	The writer uses the sea as a metaphor for freedom.	作家は自由の比喩として海を使っている。
method	This method requires less time and fewer materials.	この方法は時間も材料も少なくて済む。
middle	A fountain stands in the middle of the square.	広場の中央に噴水がある。
might	The road might be closed because of snow.	雪のため道路が閉鎖されているかもしれない。
mild	The region enjoys mild weather in winter.	その地域は冬も穏やかな天候だ。
military	The government reduced military spending.	政府は軍事支出を減らした。
mind	Would you mind closing the window?	窓を閉めていただけますか。
mine	The seat by the window is mine.	窓際の席は私のものだ。
miner	The miner worked deep beneath the ground.	その鉱員は地下深くで働いた。
mineral	The water contains several useful mineral substances.	その水には複数の有用な鉱物質が含まれる。
minimum	Applicants need a minimum of two years' experience.	応募者には最低2年の経験が必要だ。
minister	The health minister announced a new program.	保健大臣は新しい制度を発表した。
minor	The accident caused only minor damage.	その事故の被害は軽微だった。
minority	Only a small minority opposed the proposal.	提案に反対したのは少数だけだった。
mirror	She checked her reflection in the mirror.	彼女は鏡で自分の姿を確認した。
miserable	Cold rain made the journey miserable.	冷たい雨で旅はつらいものになった。
missing	Police are searching for the missing child.	警察は行方不明の子どもを捜している。
mission	The team's mission is to provide clean water.	そのチームの使命は清潔な水を提供することだ。
modify	We may need to modify the design after testing.	試験後に設計を修正する必要があるかもしれない。
moreover	The route is shorter; moreover, it is safer.	その経路は短く、さらに安全だ。
mortgage	They took out a mortgage to buy their first home.	彼らは初めての家を買うため住宅ローンを組んだ。
multiple	The problem has multiple possible causes.	その問題には複数の原因が考えられる。
multiply	Warm conditions allow these bacteria to multiply quickly.	暖かい環境ではこの細菌が急速に増殖する。
narrative	The documentary presents a clear narrative of events.	その記録映画は出来事を明確な物語として示す。
neighbourhood	A new clinic opened in our neighbourhood.	近所に新しい診療所が開いた。
norm	Remote work has become the norm in some industries.	一部の業界では在宅勤務が標準になった。
nursing	She is studying nursing at college.	彼女は大学で看護学を学んでいる。
nutrition	Good nutrition is essential for children's growth.	よい栄養は子どもの成長に不可欠だ。
obesity	The campaign raises awareness of childhood obesity.	その運動は子どもの肥満への認識を高める。
observer	An independent observer attended the election count.	独立した監視員が開票に立ち会った。
occupation	Please state your occupation on the form.	用紙に職業を記入してください。
occupy	The new offices occupy the top three floors.	新しい事務所は上の3階を占めている。
offender	The court ordered the offender to pay a fine.	裁判所は違反者に罰金の支払いを命じた。
ongoing	The road remains closed because of ongoing repairs.	継続中の修理のため道路は閉鎖されたままだ。
organizer	The event organizer confirmed the final schedule.	主催者が最終日程を確認した。
outer	The outer wall protects the building from wind.	外壁が建物を風から守る。
outline	The introduction gives an outline of the argument.	序論は議論の概要を示す。
output	The factory increased its output without using more energy.	工場はエネルギーを増やさず生産量を上げた。
overall	The overall result was better than expected.	全体的な結果は予想よりよかった。
packet	She opened a packet of rice crackers.	彼女は米菓の小袋を開けた。
parliament	The bill will be debated in parliament next week.	その法案は来週議会で審議される。
participation	Student participation increased after the format changed.	形式変更後に学生の参加が増えた。
partnership	The two schools formed a research partnership.	その2校は研究提携を結んだ。
pattern	Researchers noticed a clear pattern in the data.	研究者はデータに明確なパターンを見つけた。
peer	She had to peer through the fog to see the sign.	彼女は標識を見るため霧の中をじっと見なければならなかった。
perceive	Customers may perceive the change as unfair.	顧客はその変更を不公平だと受け取るかもしれない。
percentage	A high percentage of residents supported the plan.	住民の高い割合がその計画を支持した。
perception	Advertising can influence our perception of quality.	広告は品質に対する認識へ影響を与えうる。
permanently	The factory closed permanently last winter.	その工場は昨冬、永久に閉鎖した。
petrol	The car was almost out of petrol.	その車はガソリンがほとんど切れていた。
placement	The course includes a six-week work placement.	その講座には6週間の職場実習が含まれる。
plot	The film has a simple but effective plot.	その映画は簡潔だが効果的な筋書きを持つ。
potentially	The error could be potentially dangerous.	その誤りは危険につながる可能性がある。
predictable	The ending was too predictable to be exciting.	結末は予想どおりすぎて刺激がなかった。
producer	A local producer supplies the restaurant with cheese.	地元の生産者がレストランへチーズを供給する。
progressive	The school introduced a progressive teaching program.	その学校は進歩的な教育制度を導入した。
psychological	Long isolation can have psychological effects.	長期の孤立は心理的影響をもたらすことがある。
psychologist	A psychologist helped the team manage stress.	心理学者がチームのストレス管理を助けた。
pub	We met for dinner at a pub near the station.	駅近くのパブで夕食を取った。
publishing	Digital technology has changed the publishing industry.	デジタル技術は出版業界を変えた。
racism	The organization campaigns against racism in sport.	その団体はスポーツ界の人種差別に反対する活動をしている。
radiation	The equipment measures radiation levels safely.	その装置は放射線量を安全に測定する。
rating	The hotel received a high rating from guests.	そのホテルは宿泊客から高い評価を得た。
reasonably	The meal was reasonably priced and well prepared.	その食事は適正な価格で、よく調理されていた。
rebuild	The community raised money to rebuild the school.	地域社会は学校再建のため資金を集めた。
recruitment	The company changed its recruitment process.	その会社は採用手続きを変更した。
recycle	We recycle glass, paper, and metal at home.	私たちは家庭でガラス、紙、金属を再利用する。
referee	The referee stopped the match because of heavy rain.	審判は大雨のため試合を止めた。
registration	Online registration closes at midnight.	オンライン登録は深夜に締め切られる。
regulate	The body helps regulate its own temperature.	身体は自らの体温を調節する。
reinforce	Extra supports reinforce the old bridge.	追加の支柱が古い橋を補強している。
remarkably	The patient recovered remarkably quickly.	その患者は驚くほど速く回復した。
reporting	Accurate reporting builds public trust.	正確な報道は社会の信頼を築く。
restriction	The city introduced a restriction on car traffic.	市は自動車交通への制限を導入した。
rob	Two people tried to rob the small shop.	2人がその小さな店を襲って金品を奪おうとした。
romance	The novel combines mystery with romance.	その小説は謎と恋愛を組み合わせている。
sailor	Each sailor wore a life jacket on deck.	船員は甲板でそれぞれ救命胴衣を着ていた。
screening	Early screening can detect the disease.	早期検診でその病気を発見できる。
sculpture	A stone sculpture stands in the garden.	庭に石の彫刻が立っている。
secondly	Secondly, we must consider the environmental cost.	第二に、環境上の費用を考えなければならない。
seeker	Each job seeker received help with applications.	求職者はそれぞれ応募の支援を受けた。
seminar	The professor led a seminar on climate policy.	教授は気候政策についてのゼミを行った。
settler	Each early settler faced a difficult winter.	初期の入植者は皆、厳しい冬に直面した。
short-term	The loan provides short-term support for small firms.	その融資は小企業へ短期的な支援を提供する。
significance	Few people understood the significance of the discovery.	その発見の重要性を理解した人は少なかった。
similarity	The similarity between the two designs is striking.	その2つの設計の類似は目を引く。
skull	The helmet protects the skull from injury.	ヘルメットは頭蓋骨をけがから守る。
slogan	The campaign uses a simple and memorable slogan.	その運動は簡潔で覚えやすい標語を使う。
specialize	The clinic will specialize in sports injuries.	その診療所はスポーツ外傷を専門にする。
speculate	Experts refuse to speculate about the cause.	専門家は原因について推測することを拒んでいる。
speculation	The announcement ended months of speculation.	その発表で数か月の憶測が終わった。
spokesperson	A company spokesperson answered reporters' questions.	会社の報道担当者が記者の質問に答えた。
spokeswoman	The spokeswoman announced a change in policy.	女性報道官が方針変更を発表した。
sponsor	A local bank agreed to sponsor the festival.	地元銀行が祭りの支援者になることに同意した。
sponsorship	Corporate sponsorship covered the event costs.	企業の後援がイベント費用をまかなった。
sporting	The city will host several sporting events.	その都市はいくつかのスポーツ行事を開催する。
stance	The minister softened her stance on the proposal.	大臣はその提案への立場を和らげた。
stunning	The hotel offers a stunning view of the bay.	そのホテルから湾の見事な景色が見える。
subsequent	Subsequent tests confirmed the first result.	その後の検査が最初の結果を確認した。
subsequently	He moved abroad and subsequently started a business.	彼は海外へ移り、その後事業を始めた。
sufficiently	The room is sufficiently large for the group.	その部屋はグループに十分な広さがある。
technological	Rapid technological change creates new kinds of work.	急速な技術変化は新しい仕事を生む。
teenage	She wrote the song during her teenage years.	彼女は10代の頃にその歌を書いた。
temporarily	The museum is temporarily closed for repairs.	博物館は修理のため一時的に閉鎖している。
terrify	Sudden loud noises terrify the young dog.	突然の大きな音はその子犬を怖がらせる。
testing	The product is ready for safety testing.	その製品は安全試験の準備ができている。
therapist	The therapist taught him exercises for his shoulder.	治療専門家は肩の運動を教えた。
therefore	The evidence was weak; therefore, the case was closed.	証拠が弱かったため、その事件は終了した。
timing	Good timing was essential to the rescue.	適切なタイミングが救助に不可欠だった。
tonne	The truck can carry one tonne of material.	そのトラックは1トンの資材を運べる。
tragic	The accident had a tragic outcome.	その事故は悲惨な結果になった。
transform	The project could transform the local economy.	その事業は地域経済を変える可能性がある。
traveller	Each traveller must complete an arrival form.	旅行者はそれぞれ到着用紙に記入しなければならない。
trillion	The country's economy is worth over a trillion dollars.	その国の経済規模は1兆ドルを超える。
tube	The cream comes in a small tube.	そのクリームは小さなチューブに入っている。
typically	The journey typically takes about two hours.	その旅は通常約2時間かかる。
tyre	We replaced the damaged tyre before leaving.	出発前に傷んだタイヤを交換した。
unacceptable	The level of pollution is completely unacceptable.	その汚染水準はまったく容認できない。
uncertainty	Economic uncertainty reduced business investment.	経済の不確実性が企業投資を減らした。
unity	The crisis created a strong sense of unity.	危機によって強い連帯感が生まれた。
upwards	Prices continued to move upwards throughout the year.	価格は年を通して上昇し続けた。
variation	There is considerable variation in regional prices.	地域の価格にはかなりのばらつきがある。
venue	The organizers changed the venue at short notice.	主催者は直前に会場を変更した。
viewer	Each viewer can choose subtitles or audio description.	視聴者は字幕か音声解説を選べる。
viewpoint	The article presents the issue from a local viewpoint.	その記事は問題を地域の観点から示している。
virtual	The team held a virtual meeting online.	チームはオンラインで仮想会議を開いた。
visual	A visual diagram makes the process easier to understand.	視覚的な図で手順が理解しやすくなる。
welfare	The policy aims to protect children's welfare.	その政策は子どもの福祉を守ることを目指す。
whereas	This room is bright, whereas the other is rather dark.	この部屋は明るいが、もう一方はかなり暗い。
whom	The person whom you contacted is on leave.	あなたが連絡した人は休暇中だ。
wildlife	The law protects wildlife from illegal hunting.	その法律は野生生物を違法な狩猟から守る。
workforce	Women now make up half of the workforce.	現在、女性が労働力の半分を占める。
workshop	The library held a writing workshop for teenagers.	図書館は10代向けの作文講座を開いた。
worldwide	The service is now available worldwide.	そのサービスは今では世界中で利用できる。
# 多義語・固有名詞一致・派生形一致を避けるための文脈校正
mount	The technician will mount the screen securely on the wall.	技術者がスクリーンを壁にしっかり取り付ける。
musical	She showed remarkable musical talent at an early age.	彼女は幼い頃から素晴らしい音楽的才能を示した。
moving	Her speech was a moving tribute to the volunteers.	彼女のスピーチはボランティアへの感動的な賛辞だった。
opening	The gallery attracted a large crowd on its opening day.	その画廊は開館日に大勢の人を集めた。
planning	Careful planning helped the event run smoothly.	入念な計画のおかげで行事は順調に進んだ。
pin	Use a pin to attach the notice to the board.	留め針を使って掲示を板に留めてください。
pointed	She asked a pointed question about the missing funds.	彼女は行方不明の資金について鋭い質問をした。
reckon	I reckon the repairs will take about a week.	修理には1週間ほどかかると思う。
relaxing	A warm bath can be very relaxing after work.	仕事の後の温かい風呂はとてもリラックスできる。
resign	She decided to resign from her position last month.	彼女は先月、職を辞することにした。
self	Travel helped him develop a stronger sense of self.	旅を通じて彼はより確かな自己意識を育てた。
silver	She wore a simple silver necklace to the ceremony.	彼女は式典にシンプルな銀のネックレスを着けた。
soft	This blanket feels soft and warm against the skin.	この毛布は肌触りが柔らかく暖かい。
spending	Public spending on healthcare increased last year.	医療への公的支出は昨年増加した。
super	The new camera is super easy to use.	その新しいカメラはとても使いやすい。
tap	The kitchen tap has been leaking since yesterday.	台所の蛇口は昨日から水漏れしている。
thinking	Critical thinking is an essential academic skill.	批判的思考は重要な学術技能だ。
trick	The magician taught us a simple card trick.	その手品師は私たちに簡単なカード手品を教えた。
unit	Each apartment has its own air-conditioning unit.	各住戸には専用の空調設備がある。
united	The community remained united during the crisis.	地域社会は危機の間も団結していた。
upon	Upon arrival, please report to the reception desk.	到着したら受付に申し出てください。
van	They loaded the equipment into a delivery van.	彼らは機材を配送用バンに積み込んだ。
warming	Global warming is changing weather patterns worldwide.	地球温暖化は世界中の気象パターンを変えている。
way	The second option is way more expensive than the first.	2つ目の選択肢は1つ目よりはるかに高い。
